,2582580512.fna,2582580513.fna,2582580514.fna,2582580515.fna,2582580516.fna,2582580517.fna,2582580518.fna,2582580519.fna,2582580520.fna,2582580521.fna,2582580522.fna,2582580523.fna,2582580524.fna,2582580525.fna,2582580526.fna,2582580527.fna,2582580528.fna,2582580529.fna,2582580530.fna,2582580531.fna,2582580532.fna,2582580533.fna,2582580534.fna,2582580535.fna,2582580536.fna,2582580537.fna,2582580538.fna,2582580539.fna,2582580540.fna,2582580541.fna,2582580542.fna,2582580543.fna,2582580544.fna,2582580545.fna,2582580546.fna,2582580547.fna,2582580548.fna,2582580549.fna,2582580550.fna,2582580551.fna,2582580552.fna,2582580553.fna,2582580554.fna,2582580555.fna,2582580556.fna,2582580557.fna,2582580558.fna,2582580559.fna,2582580560.fna,2582580561.fna,2582580562.fna,2582580563.fna,2582580564.fna,2582580565.fna,2582580566.fna,2582580567.fna,2582580568.fna,2582580569.fna,2582580570.fna,2582580571.fna,2582580572.fna,2582580573.fna,2582580574.fna,2582580575.fna,2582580576.fna,2582580577.fna,2582580578.fna,2582580579.fna,2582580580.fna,2582580581.fna,2582580582.fna,2582580583.fna,2582580584.fna,2582580585.fna,2582580586.fna,2582580587.fna,2582580588.fna,2582580589.fna,2582580590.fna,2582580591.fna,2582580592.fna,2582580593.fna,2582580594.fna,2582580595.fna,2582580596.fna,2582580597.fna,2582580598.fna,2582580599.fna,2582580600.fna,2582580601.fna,2582580602.fna,2582580603.fna,2582580604.fna,2582580605.fna,2582580606.fna,2582580607.fna,2582580608.fna,2582580609.fna,2582580610.fna,2582580611.fna,2582580612.fna,2582580613.fna,2582580614.fna,2582580615.fna,2582580616.fna,2582580617.fna,2582580620.fna,2582580621.fna,2582580622.fna,2582580623.fna,2582580624.fna,2582580625.fna,2582580627.fna,2582580628.fna,2582580629.fna,2582580630.fna,2582580631.fna,2582580632.fna,2582580633.fna,2582580634.fna,2582580635.fna,2582580637.fna,2582580638.fna,2582580639.fna,2582580640.fna,2582580641.fna,2582580642.fna,2582580643.fna,2582580644.fna,2582580646.fna,2582580647.fna,2582580648.fna,2582580649.fna,2582580650.fna,2582580651.fna,2582580652.fna,2582580653.fna,2582580654.fna,2582580657.fna,2582580658.fna,2582580659.fna,2582580662.fna,2582580663.fna,2582580664.fna,2582580665.fna,2582580668.fna,2582580669.fna,2582580670.fna,2582580671.fna,2582580672.fna,2582580673.fna,2582580674.fna,2582580675.fna,2582580677.fna,2582580679.fna,2582580680.fna,2582580682.fna,2582580683.fna,2582580684.fna,2582580685.fna,2582580686.fna,2582580687.fna,2582580688.fna,2582580689.fna,2582580690.fna,2582580691.fna,2582580692.fna,2582580693.fna,2582580694.fna,2582580695.fna,2582580697.fna,2582580698.fna,2582580699.fna,2582580700.fna,2582580701.fna,2582580702.fna,2582580703.fna,2582580704.fna,2582580705.fna,2582580706.fna,2582580707.fna,2582580708.fna,2582580709.fna,2582580711.fna,2582580712.fna,2582580714.fna,2588253500.fna,2593339176.fna,2593339177.fna,2593339178.fna,2593339179.fna,2593339180.fna,2593339181.fna,2593339182.fna,2593339183.fna,2593339184.fna,2593339185.fna,2593339186.fna,2593339187.fna,2593339188.fna,2593339189.fna,2593339190.fna,2593339191.fna,2593339192.fna,2593339193.fna
2582580512.fna,100,0,0,0,0,0,0,0,0,0,0,0,0,0,0,0,0,0,0,0,0,0,0,0,0,0,0,0,0,0,67.65,0,0,0,0,67.95,0,0,0,0,0,0,0,0,0,0,0,0,0,0,0,0,0,0,0,0,0,67.69,0,0,0,0,0,0,0,0,0,0,0,0,0,0,0,0,0,0,0,0,0,0,0,0,0,0,0,0,0,0,0,0,0,0,66.42,0,0,0,0,0,0,67.49,0,0,0,0,0,0,0,0,0,0,0,0,0,0,0,0,0,0,0,0,0,0,66.06,0,0,0,0,0,0,0,0,0,0,0,0,0,0,0,0,0,0,0,0,0,0,0,0,0,73.04,0,0,0,0,0,0,0,0,0,0,0,0,0,0,0,0,0,0,0,0,0,0,0,0,0,0,0,0,0,0,0,0,0,0,0,0,0,0,0,0,0,0,0,0,0,0,0,0,0,0,0,0,0,0,0,0
2582580513.fna,0,100,0,0,0,0,0,0,0,0,0,0,0,0,68.13,0,0,0,0,0,0,0,0,0,0,0,67.79,0,0,0,0,0,70.15,0,0,0,0,0,0,0,0,0,0,0,0,0,0,0,0,0,0,0,0,0,0,0,0,0,0,0,0,0,0,0,0,0,0,0,0,0,0,0,0,0,0,0,0,0,0,0,0,0,0,0,0,0,0,0,69.15,0,0,0,0,0,0,0,0,0,0,0,0,0,0,0,0,0,0,0,0,0,0,0,68.25,0,0,0,69.7,0,0,0,0,0,0,0,0,68.06,0,0,0,0,0,0,0,0,0,0,0,0,0,0,0,0,0,0,0,0,0,0,0,0,0,0,0,0,0,69.97,0,0,0,0,0,0,0,0,0,0,0,0,0,0,0,0,0,0,0,0,0,71.67,67.23,0,0,0,0,0,0,0,0,0,0,0,0,68.71,0,0,0,0,0,0,0,0,0,0,0,0,0
2582580514.fna,0,0,100,0,0,0,0,0,0,0,0,0,0,0,0,0,0,0,0,0,0,0,0,0,0,0,0,0,0,0,0,0,0,0,0,0,0,0,0,0,0,0,0,0,0,0,0,0,0,0,0,0,0,0,0,0,0,0,0,0,0,0,0,0,0,0,0,0,0,0,0,0,0,0,0,0,0,0,0,0,0,0,0,0,0,0,0,0,0,0,0,0,0,0,0,0,0,0,0,0,69.02,0,0,0,0,0,0,0,0,0,0,0,0,0,0,0,0,0,0,0,0,0,0,0,0,0,0,0,0,0,0,0,0,0,0,0,0,0,0,0,0,0,0,0,0,0,0,0,0,0,0,0,0,0,0,0,0,0,0,0,0,0,0,0,0,0,0,0,0,0,0,0,0,0,0,0,0,0,0,0,0,0,0,0,0,0,0,0,0,0,0,0,0,0,0,0,0,0,0,0,0,0,0,0,0
2582580515.fna,0,0,0,100,0,0,0,0,0,0,0,0,0,0,0,0,0,0,0,0,0,0,0,0,0,0,69.93,0,0,0,0,0,0,0,0,0,0,0,0,0,0,0,0,0,68.21,68.52,0,0,0,0,0,0,0,67.76,66.04,0,0,0,0,0,0,0,0,0,0,0,0,0,0,0,0,0,0,0,0,0,0,0,0,0,0,0,0,0,0,0,0,0,68.68,0,0,0,0,0,0,0,0,68.06,0,0,0,0,0,0,0,0,67.9,68.05,0,0,0,0,0,0,0,0,0,0,68.17,0,0,0,0,0,0,0,67.94,0,0,0,0,0,0,0,0,0,68.11,0,0,68.49,68.42,0,0,0,0,0,0,0,0,0,0,67.1,0,0,0,0,0,0,0,0,0,0,0,0,0,0,0,0,0,0,0,0,0,68.29,0,0,0,0,0,0,0,0,0,0,67.74,0,67.82,64.88,67.26,0,0,0,0,0,0,0,0,0,0,0,0,0,0,0,0
2582580516.fna,0,0,0,0,100,0,0,0,0,0,0,0,0,0,0,0,0,0,0,0,0,0,0,0,0,0,0,0,0,0,0,0,0,0,0,0,0,0,0,0,0,0,0,0,0,0,0,0,0,0,0,0,0,0,0,0,0,0,0,0,0,0,0,0,0,0,0,0,0,0,0,0,0,0,0,0,0,0,0,0,0,0,0,0,0,0,0,0,0,0,0,0,0,0,0,0,0,0,0,0,0,0,0,0,0,0,0,0,0,0,0,0,0,0,0,0,0,0,0,0,0,0,0,0,0,0,0,0,0,0,0,0,0,69.61,0,0,0,0,0,0,0,0,0,0,0,0,0,0,0,0,0,0,0,0,0,0,0,0,0,0,0,0,0,0,0,0,0,0,0,0,0,0,0,0,0,0,0,0,0,0,0,0,0,0,0,0,0,0,0,0,0,0,0,0,0,0,0,0,0,0,0,0,0,0,0
2582580517.fna,0,0,0,0,0,100,0,0,69.38,0,0,0,0,0,0,0,67.02,0,72.29,0,0,0,0,0,0,0,0,70.93,0,0,0,0,65.35,0,0,0,0,0,0,0,0,0,73.67,0,0,0,0,0,0,0,0,0,64.72,70.5,0,0,0,0,0,0,0,0,0,0,0,0,0,0,0,0,0,0,0,0,0,0,0,0,0,0,0,0,0,0,0,0,0,0,0,0,0,0,0,0,0,0,0,0,0,0,0,0,0,0,0,0,0,0,0,0,0,0,0,0,0,0,63.94,0,0,66.88,67.18,0,0,0,0,0,0,0,0,0,0,0,0,0,0,0,0,0,0,0,0,0,0,0,0,0,0,67.24,0,0,0,0,0,0,0,0,0,0,0,0,0,0,0,0,0,0,0,0,0,0,0,0,0,0,0,0,0,0,0,0,0,0,0,0,0,0,0,0,0,0,0,0,0,0,0,0,66.64,0,0,0,0,0,0,0,0
2582580518.fna,0,0,0,0,0,0,100,0,0,0,0,0,0,0,0,0,0,0,0,0,0,0,83.78,0,0,71.15,0,0,0,0,0,0,0,0,0,0,0,0,0,0,68.98,0,0,0,0,0,0,0,0,0,0,0,0,0,0,74.71,0,0,0,0,0,0,0,0,0,0,0,0,0,0,0,0,88.57,0,0,0,0,0,0,0,0,0,0,0,0,0,0,0,0,0,0,0,0,0,0,0,0,0,0,0,0,0,0,0,0,0,0,0,0,0,0,0,0,0,0,0,0,0,0,0,0,0,0,0,0,0,0,0,0,0,0,0,0,0,0,0,0,0,0,0,0,0,0,0,0,0,0,0,0,0,0,0,0,0,0,0,0,0,0,0,0,0,0,0,0,0,0,0,0,0,0,0,0,0,0,0,0,0,0,0,0,0,0,0,0,0,0,0,0,0,0,0,0,0,0,0,0,0,0,0,0,0,0,0,0
2582580519.fna,0,0,0,0,0,0,0,100,0,0,0,0,0,0,0,0,0,0,0,0,0,65.88,0,0,0,0,0,0,0,0,0,0,0,0,0,0,0,0,0,0,0,0,0,0,0,0,0,0,0,0,0,0,0,0,0,0,0,0,0,0,0,0,0,0,0,0,0,0,0,0,0,67.53,0,0,0,0,0,0,0,0,0,0,0,0,0,0,0,0,0,0,0,67.81,0,0,0,0,0,0,0,0,0,0,0,0,0,0,67.03,0,0,0,0,0,0,0,0,0,0,0,0,0,0,0,0,0,0,0,0,0,0,0,0,0,0,0,0,0,0,0,0,0,0,0,0,0,0,0,0,0,0,0,0,0,0,0,0,0,0,0,0,0,0,0,0,0,0,0,0,0,0,0,0,0,0,0,0,0,0,0,0,0,0,0,0,0,0,0,0,0,0,0,0,0,0,0,0,0,0,0,0,0,0,0,0,0,0
2582580520.fna,0,0,0,0,0,69.54,0,0,100,0,0,0,0,0,0,0,0,0,69.04,0,0,0,0,0,0,0,0,69.09,0,0,0,0,69.05,0,0,0,0,0,0,0,0,0,68.89,0,0,0,0,0,0,0,0,0,0,69.61,0,0,0,0,0,0,0,0,0,0,0,0,0,0,0,0,0,0,0,0,0,0,0,0,0,0,0,0,0,0,0,0,0,0,0,0,0,0,0,0,0,0,0,0,0,0,0,0,0,0,0,69.01,0,0,0,0,0,0,0,0,0,0,68.71,0,0,0,0,0,0,0,0,68.08,0,0,0,0,0,0,0,0,0,0,0,0,0,0,0,0,0,0,0,0,0,0,0,0,0,0,0,0,0,67.69,0,0,0,0,0,0,0,0,0,0,0,0,0,0,0,0,0,0,0,0,0,0,0,0,0,0,0,0,0,69.64,0,0,0,0,0,0,71.63,0,0,0,70.19,0,0,0,71.4,0,0,0,0
2582580521.fna,0,0,0,0,0,0,0,0,0,100,0,71.28,0,0,0,0,0,0,0,0,0,0,0,0,0,0,0,0,62.56,0,0,0,0,0,0,0,0,0,0,0,0,0,0,0,0,0,0,0,0,0,0,0,0,0,0,0,0,0,0,0,0,71.63,0,0,0,0,0,0,0,0,0,0,0,0,0,0,0,0,0,0,0,0,0,0,0,0,0,0,0,0,0,0,0,0,0,0,0,0,0,0,0,0,0,0,0,0,0,0,0,0,0,0,0,0,0,0,0,0,0,0,0,0,0,0,0,0,0,0,0,0,0,0,0,0,0,0,0,0,0,0,0,0,0,70.97,0,0,0,0,0,0,0,0,0,0,0,0,0,0,0,0,0,0,0,0,0,0,0,0,0,0,0,0,0,0,0,0,0,0,0,0,0,0,0,0,0,0,0,0,0,0,0,0,0,0,0,0,0,0,0,0,0,0,0,0,0
2582580522.fna,0,0,0,0,0,0,0,0,0,0,100,0,0,0,68.05,0,0,0,0,0,0,0,0,0,0,0,0,0,0,0,68.77,0,0,0,0,0,0,0,0,0,0,0,0,0,0,0,0,0,0,0,0,0,0,0,0,0,0,0,0,0,0,0,0,0,0,0,0,0,0,0,0,0,0,0,0,0,0,0,0,0,55.84,0,0,0,0,0,0,0,0,0,0,0,0,0,0,0,0,0,0,0,0,0,0,0,0,0,0,0,0,0,0,0,0,0,0,0,0,0,0,0,0,0,0,0,0,0,0,0,0,0,0,0,0,0,0,0,0,0,0,0,0,0,0,68.66,0,0,0,0,0,0,0,0,0,0,0,0,0,0,0,0,0,0,0,0,0,0,0,0,0,0,0,0,0,0,0,0,0,0,0,68.78,0,0,0,0,0,0,0,0,0,0,0,0,0,0,0,0,0,0,0,0,0,0,0,0,0
2582580523.fna,0,0,0,0,0,0,0,0,0,71.4,0,100,69.64,0,0,0,0,0,0,0,0,0,0,0,0,0,0,0,0,0,0,0,68.48,0,70.19,0,0,0,0,0,0,0,0,0,0,0,0,0,0,0,0,0,0,0,0,0,0,0,0,0,0,73.98,0,0,0,0,0,0,0,0,0,0,0,0,0,0,0,0,0,0,0,0,0,0,0,0,0,0,0,0,0,0,0,0,0,70.12,0,0,0,0,0,0,0,0,67.8,0,0,0,0,0,0,0,0,0,0,0,0,0,0,0,0,0,69.53,0,0,0,0,0,0,0,0,0,0,0,0,0,0,0,0,0,0,0,0,73.66,68.56,68.38,0,0,0,0,0,69.45,0,0,0,0,0,0,0,0,0,0,67.53,0,0,0,0,0,0,0,0,0,0,0,0,0,0,0,0,0,0,0,0,0,0,0,0,0,0,0,0,0,0,0,0,0,0,0,0,0,0,0,0,0,0
2582580524.fna,0,0,0,0,0,0,0,0,0,0,0,69.57,100,0,0,0,0,0,0,0,0,0,0,0,0,0,68.28,0,0,0,0,0,0,0,78.98,0,0,0,0,0,0,0,0,0,0,0,0,0,0,0,0,0,0,0,0,0,0,0,0,0,0,66.17,0,0,0,70.31,0,0,0,0,0,0,0,0,0,0,0,0,0,0,0,0,0,0,0,0,0,0,0,0,0,0,67.88,0,70.4,0,0,0,0,0,0,0,0,0,70.83,0,0,0,0,0,0,0,0,0,0,0,0,0,0,0,0,68.55,69,0,0,68.4,0,0,0,0,0,0,0,80.12,0,0,0,0,0,0,0,0,0,0,0,0,0,0,0,0,0,0,0,0,0,0,0,0,0,0,0,0,69.87,0,0,0,0,0,0,0,0,0,0,0,0,0,68.65,0,0,0,0,0,0,0,0,0,0,0,0,0,0,0,0,0,0,0,0,0,0,0,0,0,0,0,0
2582580525.fna,0,0,0,0,0,0,0,0,0,0,0,0,0,100,0,0,0,0,0,69.08,0,0,0,0,0,0,67.64,0,0,0,0,0,0,0,0,0,0,0,0,79.15,0,0,0,0,0,0,0,0,0,0,0,0,0,0,0,0,0,0,0,0,0,0,0,0,75.55,79.68,0,0,0,0,0,0,0,0,0,0,0,0,0,0,0,0,0,0,0,0,0,0,0,0,0,0,0,0,69.44,0,0,0,0,0,0,0,0,0,0,0,0,0,0,0,0,0,0,0,0,0,0,0,0,0,0,0,0,0,0,68.56,0,0,0,0,0,0,0,0,0,0,0,0,0,67.36,68.67,0,0,0,0,0,0,0,0,0,0,0,0,0,0,0,0,0,0,0,0,0,0,0,0,0,0,0,0,0,0,0,0,0,0,0,0,0,0,0,0,0,0,0,0,0,0,0,0,0,0,0,0,0,0,0,0,0,0,0,0,0,0,0,0
2582580526.fna,0,68.19,0,0,0,0,0,0,0,0,67.48,0,0,0,100,0,0,0,0,0,0,0,0,0,0,0,67.75,0,0,0,68.29,0,0,0,0,68.92,0,0,0,0,0,0,0,0,69.42,0,0,0,0,0,0,0,0,0,0,0,0,0,0,0,0,0,0,0,0,0,0,0,0,0,0,0,0,0,0,0,0,0,0,0,0,0,0,0,0,0,0,0,68.44,0,0,0,0,0,0,0,0,0,0,0,0,0,0,0,0,0,0,0,0,0,0,0,0,0,0,0,0,0,0,0,0,0,68.24,0,0,67.56,0,0,0,0,0,0,0,0,0,0,0,0,0,0,0,68.95,73.37,0,0,0,0,0,0,0,0,0,0,0,0,67.73,0,0,0,0,0,0,0,0,0,0,0,0,0,0,0,0,0,0,0,0,0,0,0,0,0,0,0,0,0,0,0,0,0,0,0,0,0,0,0,0,0,0,0,0,0,0,0,0,0
2582580527.fna,0,0,0,0,0,0,0,0,0,0,0,0,0,0,0,100,0,0,0,0,0,0,0,0,0,0,0,0,0,0,0,0,0,0,0,0,0,73.02,0,0,0,0,0,0,0,0,0,0,0,0,0,0,0,0,0,67.67,0,0,0,0,0,0,0,0,0,0,0,0,0,0,0,0,0,0,68.9,0,0,0,68.15,0,72.88,0,0,0,0,0,0,0,0,0,0,0,0,0,0,0,0,0,0,0,0,0,0,0,0,0,0,0,0,0,0,0,0,0,0,0,0,0,0,0,0,0,0,0,0,0,0,0,0,0,0,0,0,0,0,0,0,0,0,0,0,0,0,0,0,0,0,0,0,0,0,0,0,0,0,0,0,0,0,0,0,0,0,0,70.78,0,67.74,0,0,0,0,0,0,0,0,0,0,0,0,0,0,0,0,0,0,0,0,0,0,0,0,0,0,67.37,0,0,0,0,0,0,0,0,0,0,0
2582580528.fna,0,0,0,0,0,66.37,0,0,0,0,0,0,0,0,0,0,100,0,0,0,0,0,0,0,0,0,0,0,0,0,0,0,0,0,0,0,0,0,72.18,0,0,0,0,69.87,0,0,0,0,0,0,0,0,70.3,0,0,0,0,0,0,0,69.82,0,0,70.9,0,0,0,0,0,0,0,0,0,0,0,0,0,0,0,0,0,0,0,68.72,0,0,0,0,0,0,0,0,0,0,0,0,69.77,0,0,0,0,0,0,0,0,0,0,0,0,0,0,0,69.37,0,0,69.92,0,70.01,0,0,71.11,0,0,0,0,0,0,0,0,0,0,0,0,0,0,0,0,0,71.42,0,0,0,0,0,0,0,0,0,0,0,0,0,69.85,0,0,0,0,0,0,0,0,0,0,0,0,0,0,0,0,0,0,0,0,0,0,0,0,0,69.74,0,0,0,0,0,0,0,0,0,0,0,0,0,0,0,0,0,0,71.33,0,0,0,71.13,0,0,0
2582580529.fna,0,0,0,0,0,0,0,0,0,0,0,0,0,0,0,0,0,100,0,0,0,0,0,0,0,0,0,0,0,0,0,0,0,0,0,66.89,0,0,0,0,0,0,0,0,0,0,0,0,0,0,0,0,0,0,0,0,0,0,0,0,0,0,0,0,0,0,0,0,0,0,0,0,0,0,0,0,0,0,0,0,0,0,0,0,0,0,0,0,0,0,0,0,0,0,0,0,0,0,0,0,0,0,0,0,0,0,0,0,0,0,0,0,0,0,0,0,0,0,0,0,0,0,0,0,0,0,0,0,57.16,0,0,0,0,0,0,0,0,0,0,0,0,0,0,0,0,0,0,0,0,0,0,0,0,0,0,0,0,57.13,0,0,0,0,0,0,0,0,0,0,0,0,0,0,0,0,0,0,0,0,0,0,0,0,0,0,0,0,0,0,0,0,0,0,0,0,0,0,0,0,0,0,0,0,0,0,0
2582580530.fna,0,0,0,0,0,72.28,0,0,69.09,0,0,0,0,0,0,0,0,0,100,0,0,0,0,0,0,0,0,71.06,0,0,0,0,67.98,0,0,0,0,0,0,0,0,0,71.66,0,0,0,0,0,0,0,0,0,0,69.68,0,0,0,0,0,68.41,0,0,0,0,0,0,0,0,0,0,0,0,0,0,0,0,0,0,0,0,0,0,0,0,0,0,0,0,0,0,0,0,0,0,0,0,0,0,0,0,0,0,0,0,0,68.36,0,0,0,0,0,0,0,67.33,0,0,68.37,0,0,66.34,0,0,0,0,0,0,0,0,0,0,0,0,0,0,0,0,0,0,0,0,0,0,0,0,0,0,0,67.36,64.57,0,0,0,0,0,0,0,0,0,0,0,0,0,0,0,0,0,0,0,0,0,0,0,0,0,0,0,0,0,0,0,0,0,0,0,0,0,0,0,0,0,0,0,0,0,0,0,65.49,0,0,0,0,0,0,0,0
2582580531.fna,0,0,0,0,0,0,0,0,0,0,0,0,0,70.82,0,0,0,0,0,100,0,0,0,0,0,0,0,0,0,0,0,0,0,0,0,0,0,0,0,63.96,0,0,0,0,0,0,0,0,0,0,0,0,0,0,0,0,0,0,0,0,0,0,0,0,0,68.4,0,0,0,0,0,0,69.02,0,0,0,0,0,0,0,0,0,0,0,0,0,0,0,0,0,0,0,0,0,0,0,0,0,0,0,0,0,0,0,0,0,0,0,0,0,0,0,0,0,0,0,0,0,0,0,0,0,0,0,0,0,0,0,0,0,0,0,0,0,0,0,0,0,0,0,0,0,0,0,0,0,0,0,0,0,0,0,0,0,0,0,0,0,0,0,0,0,0,0,0,0,0,0,0,0,0,0,0,0,0,0,0,0,0,0,0,0,0,0,0,0,0,0,0,0,0,0,0,0,0,0,0,0,0,0,0,0,0,0,0
2582580532.fna,0,0,0,0,0,0,0,0,0,0,0,0,0,0,0,0,0,0,0,0,100,67.16,0,72.37,0,0,0,0,0,72.7,0,0,0,0,0,0,0,0,0,0,0,0,0,0,0,0,0,0,0,0,0,0,0,0,0,0,0,0,0,0,0,0,0,0,0,0,0,0,0,0,0,0,0,0,0,0,68.64,67.08,0,0,0,0,0,0,68.02,66.97,0,0,0,69.68,0,0,0,68.94,0,0,0,0,0,0,0,0,71.83,0,0,0,0,0,0,0,0,0,0,0,0,0,0,0,0,0,0,0,0,0,67.77,0,0,69.36,0,0,0,0,0,0,0,0,0,0,0,0,0,0,0,0,0,0,68.16,0,0,0,0,0,0,0,0,0,0,0,0,68.08,0,0,0,0,0,0,0,0,0,0,0,0,0,0,0,0,0,0,0,0,0,0,0,0,0,0,0,0,0,0,0,0,0,0,65.9,0,0,0,0,0,0,0,0,0,0
2582580533.fna,0,0,0,0,0,0,0,64.84,0,0,0,0,0,0,0,0,0,0,0,0,67.6,100,0,66.16,0,0,0,0,0,69.76,0,0,0,0,0,0,0,0,0,0,0,0,0,0,0,0,0,0,0,0,0,0,0,0,0,0,0,0,0,0,0,0,0,0,0,0,0,0,0,0,0,0,0,0,0,0,0,66.95,0,0,0,0,0,0,66.68,0,0,0,0,71.31,0,0,0,68.86,0,0,0,0,0,0,0,0,67.87,0,0,0,0,0,0,0,0,0,0,0,0,0,0,0,0,0,0,0,0,0,0,0,0,68.85,0,0,0,0,0,0,0,0,0,0,0,0,0,0,0,0,0,0,65.57,0,0,0,0,0,0,0,0,0,0,0,0,63.64,0,0,0,0,0,0,0,0,0,0,0,0,0,0,0,0,0,0,0,0,0,0,0,0,0,0,0,0,0,0,0,0,0,0,0,0,0,0,0,0,0,0,0,0,0
2582580534.fna,0,0,0,0,0,0,83.84,0,0,0,0,0,0,0,0,0,0,0,0,0,0,0,100,0,0,0,0,0,0,0,0,0,0,0,0,0,0,0,0,0,0,0,0,0,0,0,0,0,0,0,0,0,0,0,0,75.04,0,0,0,0,0,0,0,0,0,0,0,0,0,0,0,0,84.09,0,0,0,0,0,0,0,0,0,0,0,0,0,0,0,0,0,0,0,0,0,0,0,0,0,0,0,0,0,0,0,0,0,0,0,0,0,0,0,0,0,0,0,0,0,0,0,0,0,0,0,0,0,0,0,0,0,0,0,0,0,0,0,0,0,0,0,0,0,0,0,0,0,0,0,0,0,0,0,0,0,0,0,0,0,0,0,0,0,0,0,0,0,0,0,0,0,0,0,0,0,0,0,0,0,0,0,0,0,0,0,0,0,0,0,0,0,0,0,0,0,0,0,0,0,0,0,0,0,0,0,0
2582580535.fna,0,0,0,0,0,0,0,0,0,0,0,0,0,0,0,0,0,0,0,0,72.39,69.06,0,100,0,0,0,0,0,71.83,0,0,0,0,0,0,0,0,0,0,0,0,0,0,0,0,0,0,0,0,0,0,0,0,0,0,0,0,0,0,0,0,0,0,0,0,0,0,65.85,0,0,0,0,0,0,0,0,66.95,67.63,0,0,0,0,0,68.04,0,0,0,0,69.35,0,0,0,69.52,0,0,0,0,0,0,0,0,71.83,0,0,0,0,0,0,67.81,0,0,0,0,0,0,0,0,0,0,0,0,0,0,65.36,0,0,70.1,0,0,0,0,0,0,0,0,0,68.2,0,0,0,0,0,0,0,0,69.57,0,0,0,0,0,0,0,0,0,0,0,0,70.02,0,0,0,0,67.38,0,0,0,0,0,0,0,0,0,0,0,0,0,0,0,0,0,0,0,0,0,0,0,0,0,0,0,0,0,0,0,0,0,0,0,0,0,0,0,0
2582580536.fna,0,0,0,0,0,0,0,0,0,0,0,0,0,0,0,0,0,0,0,0,0,0,0,0,100,0,0,0,69,0,0,0,0,0,0,0,0,0,0,0,0,0,0,0,0,0,74.63,0,74.76,0,0,0,0,0,0,0,0,0,0,0,0,0,0,0,0,0,72.03,0,0,0,0,0,0,0,0,0,0,0,0,0,0,0,0,0,0,0,0,0,0,0,0,0,0,0,0,0,0,0,0,69.19,0,0,0,0,0,0,0,0,0,0,0,0,0,0,0,0,0,0,0,0,0,0,0,0,0,0,0,0,0,0,0,0,0,0,0,0,0,0,0,0,0,0,0,0,0,0,0,0,0,0,0,0,0,0,0,0,0,0,0,0,0,0,0,0,0,0,0,0,0,0,0,0,0,0,0,0,0,0,0,0,0,0,0,0,0,0,0,0,0,0,0,0,0,0,0,0,0,0,0,0,0,0,0,0,0
2582580537.fna,0,0,0,0,0,0,70.46,0,0,0,0,0,0,0,0,0,0,0,0,0,0,0,0,0,0,100,0,0,0,0,0,0,0,0,0,0,0,0,0,0,68.41,0,0,0,0,0,0,0,0,0,0,0,0,0,0,69.44,0,0,0,0,0,0,0,0,0,0,0,0,0,0,0,0,0,0,0,0,0,0,0,0,0,0,0,0,0,0,0,0,0,0,0,0,0,0,0,0,0,0,0,0,0,0,0,0,0,0,0,0,0,0,0,0,0,0,0,0,0,0,0,0,0,0,0,0,0,0,0,0,0,0,0,0,0,0,0,0,0,0,0,0,0,0,0,0,0,0,0,0,0,0,0,0,0,0,0,0,0,0,0,0,0,0,0,0,0,0,0,0,0,0,0,0,0,0,0,0,0,0,0,0,0,0,0,0,0,0,0,0,0,0,0,0,0,0,0,0,0,0,0,0,0,0,0,0,0
2582580538.fna,0,67.6,0,69.12,0,0,0,0,0,0,0,0,68.34,68.2,67.46,0,0,0,0,0,0,0,0,0,0,0,100,0,0,0,68.46,0,0,0,0,0,0,0,0,58.83,0,0,0,0,71.23,67.09,66.54,67.54,0,0,0,0,0,0,0,0,0,0,0,0,0,68.16,0,0,65.38,65.35,0,0,0,0,0,0,0,0,0,0,0,0,0,0,0,0,0,0,0,0,0,0,70.37,0,0,0,0,0,0,0,0,68.82,0,0,0,0,0,0,0,0,0,0,0,0,0,0,0,0,0,0,57.37,0,0,0,0,70.65,0,0,0,0,0,0,0,0,0,0,0,0,0,0,70.15,0,0,69.6,69.73,0,0,68.27,0,0,0,0,0,0,0,0,0,0,0,67.25,0,0,0,0,0,0,67.77,0,0,68.81,0,0,0,0,0,0,0,69.29,0,0,0,0,0,0,68.37,0,0,0,0,0,0,0,0,0,0,0,0,0,0,0,0,0,66.34,0,0,0,0,0,0
2582580539.fna,0,0,0,0,0,72.02,0,0,69.16,0,0,0,0,0,0,0,0,0,71.03,0,0,0,0,0,0,0,0,100,0,0,0,0,0,0,0,0,0,0,0,0,0,0,72.27,0,0,0,0,0,0,0,0,0,0,70.6,0,0,0,0,0,0,0,0,0,0,0,0,0,0,0,0,0,0,0,0,0,0,0,0,0,0,0,0,0,0,0,0,0,0,0,0,0,0,0,0,0,0,0,0,0,0,0,0,0,0,0,0,0,0,0,0,0,0,0,0,0,0,0,0,0,0,0,0,0,0,0,0,0,0,0,0,0,0,0,0,0,0,0,0,0,0,0,0,0,0,0,0,0,0,0,0,0,0,0,0,0,0,0,0,0,0,0,0,0,0,0,0,0,0,0,0,0,0,0,0,0,0,0,0,65.74,0,0,0,0,0,0,0,0,0,0,0,0,0,0,0,0,0,0,0,0,0,0,0,0,0,0
2582580540.fna,0,0,0,0,0,0,0,0,0,65,0,0,0,0,0,0,0,0,0,0,0,0,0,0,64.69,0,0,0,100,0,0,0,0,0,0,0,0,0,0,0,0,0,0,0,0,0,0,0,0,0,0,0,0,0,0,0,0,0,0,0,0,0,0,0,0,0,64,0,0,0,0,0,0,0,0,0,0,0,0,0,0,0,0,0,0,0,0,0,0,0,0,0,69.11,0,0,67.04,0,0,0,0,0,0,0,0,0,0,0,0,0,0,0,0,0,0,0,0,0,0,0,0,0,0,0,0,0,0,0,0,0,0,0,0,0,0,0,0,0,0,0,0,0,0,0,0,0,0,0,0,0,0,0,0,0,0,0,0,0,0,0,0,0,0,0,0,0,0,0,0,0,0,0,0,0,0,0,0,0,0,73.97,0,0,0,0,0,0,0,0,0,0,0,0,0,0,0,0,0,0,0,0,0,0,70.61,0,0,0
2582580541.fna,0,0,0,0,0,0,0,0,0,0,0,0,0,0,0,0,0,0,0,0,72.66,69.13,0,72.06,0,0,0,0,0,100,0,0,0,0,0,0,0,0,0,0,0,0,0,0,0,0,0,0,0,0,0,67.13,0,0,0,0,0,0,0,0,0,0,0,0,0,0,0,0,0,0,0,0,0,0,0,0,69.19,66.87,0,0,0,0,0,0,68.92,0,0,0,0,69.02,0,0,0,67.19,0,0,0,0,0,0,0,0,72.28,0,0,0,0,0,0,0,0,0,0,0,0,0,0,0,0,0,0,0,0,0,68.96,0,0,69.54,0,0,0,0,0,0,0,0,0,0,0,0,0,0,0,0,0,0,68.72,0,0,0,0,0,0,0,0,0,0,0,0,69.89,0,0,0,0,0,0,0,55.65,0,0,0,0,0,0,0,0,0,0,0,0,0,0,0,0,0,0,0,0,0,0,0,0,0,0,0,0,0,0,0,0,0,0,0,0,0
2582580542.fna,67.55,0,0,0,0,0,0,0,0,0,69.09,0,0,0,68.18,0,0,0,0,0,0,0,0,0,0,0,68.24,0,0,0,100,0,0,0,65.35,70.08,0,0,0,0,0,0,0,0,0,0,0,0,0,0,0,0,0,0,0,0,0,0,0,0,0,67.68,0,0,0,0,0,0,0,0,0,0,0,0,0,0,0,0,0,0,0,66.53,0,0,0,0,0,0,67.95,0,0,0,69.96,0,77.94,0,0,0,0,69.21,0,0,0,0,0,0,0,0,0,0,0,0,0,0,0,0,0,0,0,0,0,68.3,0,0,56.71,0,0,0,0,0,0,69.07,0,0,0,0,69.16,0,0,0,0,68.02,0,0,68.28,0,51.96,0,0,0,0,0,0,0,0,69.84,0,0,0,0,0,69.73,69.13,0,0,0,0,0,0,0,0,0,0,68.24,0,0,68.14,0,0,0,0,0,0,0,0,0,0,0,0,0,0,0,0,0,0,0,0,0,0,0,0,0,0,0,0
2582580543.fna,0,0,0,0,0,0,0,0,0,0,0,0,0,0,0,0,0,0,0,0,0,0,0,0,0,0,0,0,0,0,0,100,0,0,0,0,0,0,0,0,0,0,0,0,0,0,0,0,0,0,0,0,0,0,0,0,66.54,0,0,0,0,0,0,0,0,0,0,0,0,0,0,0,0,0,68.49,0,0,0,0,0,0,0,0,0,0,67.95,0,0,0,0,0,0,0,0,0,0,0,0,0,0,0,0,0,0,0,0,0,0,0,0,0,0,0,0,0,0,0,0,0,0,0,0,0,0,0,0,0,0,0,0,0,0,0,0,0,0,0,0,0,0,0,0,0,0,0,0,0,0,0,0,0,0,0,0,82.41,0,0,0,0,0,0,0,0,0,68.27,0,0,0,0,0,0,0,0,0,0,0,0,0,0,0,0,0,0,0,0,0,0,0,0,0,0,0,0,0,0,0,0,0,0,0,0,0,0,0,0
2582580544.fna,0,71.36,0,0,0,67.42,0,0,69.11,0,0,68.27,0,0,0,0,0,0,66.34,0,0,0,0,0,0,0,0,0,0,0,0,0,100,0,0,67.7,0,0,0,0,0,0,66.13,0,0,0,0,0,0,0,0,0,0,0,0,0,0,0,0,0,0,0,0,0,0,0,0,0,0,0,0,0,0,0,0,0,0,0,0,0,0,0,0,0,0,0,0,0,0,0,0,0,0,0,0,0,0,0,0,0,0,0,0,0,0,0,0,0,0,0,0,0,0,0,0,0,69.64,0,0,0,0,0,0,0,0,0,0,0,0,0,0,0,0,0,0,0,0,0,0,0,0,0,0,0,0,0,0,0,0,0,0,0,0,0,0,61.61,0,0,0,0,0,0,0,0,0,0,0,0,0,0,0,0,0,0,0,0,0,71.17,0,0,0,0,0,0,0,69.94,0,0,0,0,0,0,0,0,0,0,67.5,0,0,0,0,0,0,0,0
2582580545.fna,0,0,0,0,0,0,0,0,0,0,0,0,0,0,0,0,0,0,0,0,0,0,0,0,0,0,0,0,0,0,0,0,0,100,0,0,0,0,0,0,0,0,0,0,0,0,0,0,0,0,0,0,0,0,0,0,0,0,0,0,0,0,0,0,0,0,0,0,0,0,0,0,0,0,0,0,0,0,0,0,0,0,0,0,0,0,0,0,0,0,0,0,0,0,0,0,0,0,0,0,0,0,0,0,0,0,0,0,0,0,0,0,0,0,0,0,0,0,0,0,0,0,0,0,0,0,0,0,0,0,0,0,0,0,0,0,0,0,0,0,0,0,0,0,0,0,0,0,0,0,0,0,0,0,0,0,0,0,0,0,0,0,0,0,0,0,0,0,0,0,0,0,0,0,0,0,0,0,0,0,0,0,0,0,0,0,0,0,0,0,0,0,0,0,0,0,0,0,0,0,0,0,0,0,0
2582580546.fna,0,0,0,0,0,0,0,0,0,0,0,70.27,79.48,0,0,0,0,0,0,0,0,0,0,0,0,0,0,0,0,0,69.78,0,0,0,100,0,0,0,0,0,0,0,0,0,0,0,0,0,0,0,0,0,0,0,0,0,0,0,0,0,0,0,0,0,0,0,0,0,0,0,0,0,0,0,0,0,0,0,0,0,0,0,0,0,0,0,0,0,0,0,0,0,68.41,0,0,0,0,0,0,0,0,0,0,0,71.14,0,0,0,0,0,0,0,0,0,0,0,0,0,0,0,0,0,69.21,0,0,0,0,0,0,0,0,0,0,0,0,0,0,0,0,0,0,0,0,0,0,0,0,0,0,0,0,0,0,0,0,0,0,0,0,0,0,0,70.37,0,0,69.93,0,0,0,0,0,0,0,0,0,0,0,0,0,0,0,0,0,0,0,0,0,0,0,0,0,0,0,0,0,0,0,0,0,0,0,0,0,0,0
2582580547.fna,67.99,0,0,0,0,0,0,0,0,0,0,0,0,0,68.73,0,0,66.98,0,0,0,0,0,0,0,0,0,0,0,0,70.2,0,67.18,0,0,100,0,0,0,0,0,0,0,0,0,0,0,0,67.21,0,0,0,0,0,0,0,0,0,0,0,0,0,0,0,0,0,0,0,0,0,0,0,0,0,0,0,0,0,72.43,0,0,0,0,0,0,0,0,0,0,0,0,0,68.55,0,0,0,0,0,0,67.49,0,0,0,0,0,0,0,0,67.43,0,0,0,0,0,0,0,0,0,0,0,0,0,0,0,0,0,0,0,0,0,0,0,0,0,67.1,0,0,0,0,0,0,0,0,0,0,0,0,0,0,0,0,0,0,0,0,0,0,0,0,0,0,0,0,0,0,67.39,0,0,0,0,0,0,0,0,0,0,0,0,0,0,0,0,0,0,0,0,0,0,0,0,0,0,0,0,0,0,0,0,0,0,0,0,0,0,0
2582580548.fna,0,0,0,0,0,0,0,0,0,0,0,0,0,0,0,0,0,0,0,0,0,0,0,0,0,0,0,0,0,0,0,0,0,0,0,0,100,0,0,0,0,0,0,0,0,0,0,0,0,0,0,0,0,0,0,0,0,0,0,0,0,0,0,0,0,0,0,0,0,0,0,0,0,0,0,0,0,0,0,0,0,0,0,0,0,0,0,0,0,0,0,0,0,0,0,0,0,0,0,0,0,57.48,0,0,0,0,0,0,0,0,0,0,0,0,0,0,0,0,0,0,0,0,0,0,0,0,0,0,0,0,0,0,0,0,0,0,0,0,0,0,0,0,0,0,0,0,0,0,0,0,0,0,0,0,0,0,0,0,0,0,0,0,0,0,0,0,0,0,0,0,0,0,0,0,0,0,0,0,0,0,0,0,0,0,0,0,0,0,0,0,0,0,0,0,0,0,0,0,0,0,0,0,0,0,0
2582580549.fna,0,0,0,0,0,0,0,0,0,0,0,0,0,0,0,69.35,0,0,0,0,0,0,0,0,0,0,0,0,0,0,0,0,0,0,0,0,0,100,0,0,0,0,0,0,0,0,0,0,0,0,0,0,0,0,0,0,0,0,0,0,0,0,0,0,0,0,0,0,0,0,0,0,0,0,69.16,68.64,0,0,0,0,75.59,0,0,0,0,69.01,0,70.29,0,0,69.53,0,0,0,0,0,0,0,0,0,0,68.96,0,0,0,0,0,0,0,0,0,0,0,0,0,0,0,0,0,0,0,0,0,0,0,0,0,0,0,0,0,0,0,0,0,0,0,0,0,0,0,0,0,0,0,0,0,0,0,0,0,0,0,0,0,0,0,0,0,0,0,0,0,0,76.01,0,0,0,0,0,0,0,0,0,0,0,0,0,0,0,0,67.53,0,0,0,0,0,0,0,0,0,0,0,0,0,0,0,0,0,0,0,0,0,0,0
2582580550.fna,0,0,0,0,0,0,0,0,0,0,0,0,0,0,0,0,72.33,0,0,0,0,0,0,0,0,0,0,0,0,0,0,0,0,0,0,0,0,0,100,0,0,66.76,0,69.62,0,0,0,0,0,0,0,0,69.92,0,0,0,0,0,0,0,69.95,0,0,70.67,0,0,0,0,0,0,0,0,0,0,0,0,0,0,0,0,0,0,0,68.98,0,0,0,0,0,0,0,0,0,0,0,0,68.76,0,0,0,0,0,0,0,0,0,0,0,0,0,0,0,69.88,0,0,70.12,0,70.3,0,0,70.65,0,0,0,0,0,0,0,0,0,0,0,0,0,0,0,0,0,70.3,0,0,0,0,0,0,0,0,0,0,0,0,0,69.76,0,0,0,0,0,0,0,0,0,0,0,0,0,0,0,0,0,0,0,0,0,0,0,0,0,70.15,0,0,0,0,0,0,0,0,0,0,0,0,0,0,0,0,0,0,71.27,0,0,0,70.62,0,0,0
2582580551.fna,0,0,0,0,0,0,0,0,0,0,0,0,0,79.23,0,0,0,0,0,70.51,0,0,0,0,0,0,66.43,0,0,0,0,0,0,0,0,0,0,0,0,100,0,0,0,0,0,0,0,0,0,0,0,0,0,0,0,0,0,0,0,0,0,0,0,0,76.11,78.53,0,0,0,0,0,0,0,0,0,0,0,0,0,0,0,0,0,0,0,0,0,0,67.23,0,0,0,0,0,68.59,0,0,0,0,0,0,0,0,0,0,0,0,0,0,0,0,0,0,0,0,0,0,0,0,0,0,0,0,0,0,64.92,0,0,0,0,0,0,0,0,0,0,0,0,0,0,64.28,0,0,69.05,0,0,0,0,0,0,0,0,0,0,0,0,0,0,0,0,0,0,0,0,0,0,0,0,0,0,0,0,0,0,0,0,0,0,0,0,0,0,0,0,0,0,0,0,0,0,0,0,0,0,0,0,0,0,0,0,0,0,0,0,0
2582580552.fna,0,0,0,0,0,0,68.36,0,0,0,0,0,0,0,0,0,0,0,0,0,0,0,0,0,0,70.97,0,0,0,0,0,0,0,0,0,0,0,0,0,0,100,0,0,0,0,0,0,0,0,0,0,0,0,0,0,70.14,0,0,0,0,0,0,0,0,0,0,0,0,0,0,0,0,71.3,0,0,0,0,0,0,0,0,0,0,0,0,0,0,0,0,0,0,0,0,0,0,0,0,0,0,0,0,0,0,0,0,0,0,0,0,0,0,0,0,0,0,0,0,0,0,0,0,0,0,0,0,0,0,0,0,0,0,0,0,0,0,0,0,0,0,0,0,0,0,0,0,0,0,0,0,0,0,0,0,0,0,0,0,0,0,0,0,0,0,0,0,0,0,0,0,0,0,0,0,0,0,0,0,0,0,0,0,0,0,0,0,0,0,0,0,0,0,0,0,0,0,0,0,0,0,0,0,0,0,0,0
2582580553.fna,0,0,0,0,0,0,0,0,0,0,0,0,0,0,0,0,0,0,0,0,0,0,0,0,0,0,0,0,0,0,0,0,0,0,0,0,0,0,67.46,0,0,100,0,0,0,0,0,0,0,0,0,0,0,0,0,0,0,0,0,0,68.58,0,0,0,0,0,0,0,0,0,0,0,0,0,0,0,0,0,0,0,0,0,0,0,0,0,0,0,0,0,0,0,0,0,0,0,66.79,0,0,0,0,0,0,0,0,0,0,0,0,0,0,0,0,0,0,0,0,0,0,0,68.84,0,0,0,0,0,0,0,0,0,0,0,0,0,0,0,0,0,0,0,0,0,0,0,0,0,0,0,0,0,0,0,0,0,0,0,0,0,0,0,0,0,0,0,0,0,0,0,0,0,0,0,0,0,0,0,0,0,0,0,0,0,0,0,0,0,0,0,0,0,0,0,0,0,0,0,0,69.12,0,0,0,0,0,0,0
2582580554.fna,0,0,0,0,0,73.72,0,0,68.84,0,0,0,0,0,0,0,0,0,71.63,0,0,0,0,0,0,0,0,72.38,0,0,0,0,66.41,0,0,0,0,0,0,0,0,0,100,0,0,0,0,0,0,0,0,0,0,70.04,0,0,0,0,0,0,0,0,0,0,0,0,0,0,0,0,0,0,0,0,0,0,0,0,0,0,0,0,0,0,0,0,0,0,0,0,0,0,0,0,0,0,0,0,0,0,0,0,0,0,0,0,0,0,0,0,0,0,0,67.66,0,0,0,0,0,0,0,0,0,0,0,0,0,0,0,0,0,0,0,0,0,0,0,0,0,0,0,0,0,0,0,0,0,68.35,0,0,0,0,0,0,0,0,0,0,0,0,0,0,0,65.67,0,0,0,0,0,0,0,0,0,0,0,0,0,0,0,0,0,0,0,0,0,0,0,0,0,0,0,0,0,0,0,0,0,0,0,0,0,0,0,0,0
2582580555.fna,0,0,0,0,0,0,0,0,0,0,0,0,0,0,0,0,69.76,0,0,0,0,0,0,0,0,0,0,0,0,0,0,0,0,0,0,0,0,0,69.36,0,0,0,0,100,0,0,0,0,0,0,0,0,69.82,0,0,0,0,0,0,0,67.39,0,0,70.67,0,0,0,0,0,0,0,0,0,0,0,0,0,0,0,0,0,0,0,67.96,0,0,0,0,0,0,0,0,0,0,0,0,70.67,0,0,0,0,0,0,0,0,0,0,0,0,0,0,0,69.86,0,0,69.48,0,69.77,0,0,69.18,0,0,0,66.59,0,0,0,0,0,0,0,0,0,0,0,0,0,70.31,0,0,0,0,0,0,0,0,0,0,0,0,0,69.7,0,0,0,0,0,0,0,0,0,0,0,0,0,0,0,0,0,0,0,0,0,0,0,0,0,69.42,0,0,0,0,0,0,0,0,0,0,0,0,0,0,0,0,0,0,69.98,0,0,0,69.52,0,0,0
2582580556.fna,0,0,0,67.86,0,0,0,0,0,0,0,0,0,0,68.5,0,0,0,0,0,0,0,0,0,0,0,71.16,0,0,0,0,0,0,0,0,0,0,0,0,0,0,0,0,0,100,0,0,0,0,0,0,0,0,0,0,0,0,70.42,0,0,67.18,0,0,0,0,0,0,0,0,0,0,0,0,0,0,0,0,0,0,0,0,67.03,0,0,0,0,0,0,71.77,0,0,0,0,0,68.25,68.85,0,68.17,0,0,0,0,0,0,0,0,67.76,0,0,0,0,0,0,0,0,0,0,0,0,0,0,71.71,0,0,0,0,0,0,0,0,0,0,69.95,0,0,0,72.18,0,0,70.95,71.1,0,0,68.17,0,0,0,0,0,0,0,0,0,0,0,69.17,0,0,0,0,0,0,68.28,69.02,0,0,0,0,0,0,0,0,0,68.94,0,0,68.56,68.19,0,67.86,68.8,0,0,0,67.9,68.78,0,0,0,0,0,0,0,0,66.19,0,0,0,68.19,0,0,0,0,0,69.72
2582580557.fna,0,0,0,68.29,0,0,0,0,0,0,0,0,0,0,0,0,0,0,0,0,0,0,0,0,0,0,61.47,0,0,0,0,0,0,0,0,0,0,0,0,0,0,0,0,0,0,100,0,0,0,0,0,0,0,0,0,0,0,0,0,0,0,0,0,0,0,0,0,0,0,0,0,0,0,0,0,0,0,0,0,0,0,0,0,0,0,0,0,0,68.38,0,0,0,0,0,0,0,0,0,0,0,0,0,0,0,0,0,72.07,71.58,0,69.34,60.9,0,0,0,0,0,0,0,71.89,0,0,0,0,0,0,0,71.89,0,0,0,0,0,66.94,0,0,0,68.03,0,0,0,68.26,0,0,0,0,0,0,0,0,0,0,0,0,0,0,0,0,0,0,0,0,0,0,0,0,0,0,0,0,0,0,0,0,68.97,0,0,0,0,0,0,0,0,0,72.06,0,0,72.16,66.92,71.86,0,0,0,0,67.34,0,0,0,0,0,71.96,0,0,0,0,0
2582580558.fna,0,0,0,0,0,0,0,0,0,0,0,0,0,0,0,0,0,0,0,0,0,0,0,0,74.62,0,66.19,0,0,0,0,0,0,0,0,0,0,0,0,0,0,0,0,0,0,0,100,0,74.87,0,0,0,0,0,0,0,0,0,0,0,0,0,0,0,0,0,72.42,0,0,0,0,0,0,0,0,0,0,0,0,0,0,0,0,0,0,0,0,0,0,0,0,0,66.39,0,0,0,0,0,0,0,0,0,0,0,0,0,0,0,0,0,0,0,0,0,0,0,0,0,0,0,0,0,0,0,0,67.26,0,0,0,0,0,0,0,0,0,0,0,0,0,0,0,0,0,0,0,0,0,0,0,0,0,0,0,0,0,0,0,0,0,0,0,0,0,0,0,0,0,0,0,0,0,0,0,0,0,0,0,0,0,0,0,0,0,0,0,0,0,0,0,0,0,0,0,0,0,0,0,0,0,0,0,0,0,0,0
2582580559.fna,0,0,0,0,0,0,0,0,0,0,0,0,0,0,0,0,0,0,0,0,0,0,0,0,0,0,68.1,0,0,0,0,0,0,0,0,0,0,0,0,0,0,0,0,0,0,0,0,100,0,0,0,0,0,0,0,0,0,0,0,0,0,68.51,0,0,0,0,0,0,0,0,0,0,0,0,0,0,0,0,0,0,0,0,0,0,0,0,0,0,67.9,0,0,0,0,0,0,0,0,0,0,0,0,0,0,0,0,0,0,0,0,0,0,0,0,0,0,0,0,0,0,0,0,68.07,68.25,0,0,68.35,0,0,0,0,0,0,0,0,0,0,0,0,0,0,0,0,0,0,68.22,0,0,0,0,0,0,0,0,0,0,68.68,0,0,0,0,0,0,68.72,0,0,68.78,0,0,0,0,0,0,0,0,0,0,0,0,0,0,0,0,0,0,0,0,0,0,0,0,0,67.18,71.36,0,0,0,0,0,0,0,70.47,0,0,0,0
2582580560.fna,0,0,0,0,0,0,0,0,0,0,0,0,0,0,0,0,0,0,0,0,0,0,0,0,75.18,0,0,0,0,0,0,0,0,0,0,66.16,0,0,0,0,0,0,0,0,0,0,74.83,0,100,0,0,0,0,0,0,0,0,0,0,0,0,0,0,0,0,0,72.26,0,0,0,0,0,0,0,0,0,0,0,0,0,0,0,0,0,0,0,0,0,0,0,0,0,68.65,0,0,0,0,0,0,69.48,0,0,0,0,0,0,0,0,0,0,0,0,0,0,0,0,0,0,0,0,0,0,0,0,0,0,0,0,0,0,0,0,0,0,0,0,0,0,0,0,0,0,0,0,0,0,0,0,0,0,0,0,0,0,0,0,0,0,0,0,0,0,0,0,0,0,0,0,0,0,62.4,0,0,0,0,0,0,0,0,0,0,0,0,0,0,0,0,0,0,0,0,0,0,0,0,0,0,0,0,0,0,0,0,0,0
2582580561.fna,0,0,0,0,0,0,0,0,0,0,0,0,0,0,0,0,0,0,0,0,0,0,0,0,0,0,0,0,0,0,0,0,0,0,0,0,0,0,0,0,0,0,0,0,0,0,0,0,0,100,0,0,0,0,0,0,0,0,0,0,0,0,0,0,0,0,0,0,0,0,0,0,0,0,0,0,0,0,0,0,0,0,0,0,0,0,68.14,0,0,0,0,0,0,0,0,0,0,0,0,0,0,0,0,0,0,0,68.21,0,0,73.74,0,0,0,0,0,0,0,0,0,0,0,0,0,0,0,0,0,0,0,0,0,0,68,0,0,0,0,0,0,59.53,67.46,0,0,0,0,0,0,0,0,0,0,0,0,68.33,0,0,0,0,0,0,0,0,0,0,0,0,0,0,0,0,0,0,0,0,0,0,0,0,0,0,0,0,0,0,71.31,0,0,73.44,0,0,0,0,0,68.07,0,0,0,0,68.69,0,0,0,0,73.81,0
2582580562.fna,0,0,0,0,0,0,0,0,0,0,0,0,0,0,0,0,0,0,0,0,0,0,0,0,0,0,0,0,0,0,0,0,0,0,0,0,0,0,0,0,0,0,0,0,0,0,0,0,0,0,100,0,0,0,0,0,0,0,0,0,0,0,0,0,0,0,0,0,0,0,0,0,0,0,0,0,0,0,0,0,0,0,0,0,0,0,0,0,0,0,0,0,0,0,0,0,0,0,0,0,0,0,0,0,0,0,0,0,0,0,0,0,0,0,0,0,0,0,0,0,0,0,0,0,0,0,0,0,0,0,0,0,0,0,0,0,0,0,0,0,0,0,0,0,0,0,0,0,0,0,0,0,0,0,0,0,0,0,0,0,0,0,0,0,0,0,0,0,0,0,0,0,0,0,0,0,0,0,0,0,0,0,0,0,0,0,0,0,0,0,0,0,0,0,0,0,0,0,0,0,0,0,0,0,0
2582580563.fna,0,0,0,0,0,0,0,0,0,0,0,0,0,0,0,0,0,0,0,0,0,0,0,0,0,0,0,0,0,67.37,0,0,0,0,0,0,0,0,0,0,0,0,0,0,0,0,0,0,0,0,0,100,0,0,0,0,0,0,0,0,0,0,0,0,0,0,0,0,0,0,0,0,0,0,0,72.74,0,67.25,69.88,0,0,0,0,0,69.6,68.06,0,0,0,0,0,0,0,0,0,0,0,0,70.79,0,0,0,0,0,0,0,0,0,0,0,0,0,0,0,0,0,0,0,0,0,0,0,0,0,0,0,0,0,0,0,0,0,0,0,0,0,0,0,0,0,0,0,0,0,0,0,0,0,0,0,0,0,0,0,0,0,0,0,0,68.67,0,0,0,0,0,0,0,0,0,0,0,0,0,0,0,0,0,0,0,0,0,0,0,0,0,0,0,0,0,0,0,0,0,0,0,0,0,0,0,0,0,0,0,0,0
2582580564.fna,0,0,0,0,0,64.18,0,0,0,0,0,0,0,0,0,0,68.31,0,0,0,0,0,0,0,0,0,0,0,0,0,0,0,0,0,0,0,0,0,69.78,0,0,0,0,69.66,0,0,0,0,0,0,0,0,100,0,0,0,0,0,0,0,69.09,0,0,70.99,0,0,0,0,0,0,0,0,0,0,0,0,0,0,0,0,0,0,0,68.26,0,0,0,0,0,0,0,0,0,0,0,0,69.12,0,0,0,0,0,0,0,0,0,0,0,0,0,0,0,69.89,0,0,70.24,0,69.22,0,0,69.8,0,0,0,0,0,0,0,0,0,0,0,0,0,0,0,0,0,68.5,0,0,0,0,0,0,0,0,0,0,0,0,0,70.11,0,0,0,0,0,0,0,0,0,0,0,0,0,0,0,0,0,0,0,0,0,0,0,0,0,69.76,0,0,0,0,0,0,0,0,0,0,0,0,0,0,0,0,0,0,69.68,0,0,0,69.76,0,0,0
2582580565.fna,0,0,0,68.07,0,70.44,0,0,69.09,0,0,0,0,0,0,0,0,0,69.51,0,0,0,0,0,0,0,0,70.37,0,0,0,0,0,0,0,0,0,0,0,0,0,0,69.9,0,0,0,0,0,0,0,0,0,0,100,0,0,0,0,0,0,0,0,0,0,0,0,0,0,0,0,0,0,0,0,0,0,0,0,0,0,0,0,0,66.55,0,0,0,0,0,0,0,0,0,0,0,0,0,0,0,0,0,0,0,0,0,67.34,0,0,0,0,0,0,54.35,66.91,0,0,0,0,0,68.32,0,0,0,0,0,0,0,0,0,0,0,0,0,0,0,0,0,0,67.65,0,0,0,0,0,0,0,0,65.88,0,0,0,0,0,0,0,0,0,0,0,0,0,0,0,0,0,0,0,0,0,0,0,0,0,0,0,0,0,0,58.9,0,0,0,0,0,0,0,0,0,0,0,0,0,0,0,0,0,65.75,0,0,0,0,0,0,0,0
2582580566.fna,0,0,0,66.1,0,0,0,0,0,0,0,0,0,0,0,0,0,0,0,0,0,0,0,0,0,0,0,0,0,0,0,0,0,0,0,0,0,0,0,0,0,0,0,0,0,0,0,0,0,0,0,0,0,0,100,0,0,0,0,0,0,0,0,0,0,0,0,0,0,0,0,0,0,0,0,0,0,0,0,0,0,0,0,0,0,0,0,0,0,0,0,0,0,0,0,0,0,0,0,0,0,0,0,69.67,0,0,0,62.75,0,0,0,0,0,0,0,0,0,0,0,0,0,0,0,71.35,0,0,0,0,0,72.23,0,0,0,0,0,0,0,0,0,0,0,0,0,0,0,0,0,0,0,0,0,0,0,71.16,0,0,0,0,0,0,0,0,0,0,0,0,0,0,0,0,0,0,0,0,0,0,0,0,0,0,0,0,0,0,0,0,0,62.02,0,68.03,0,0,0,0,0,0,0,0,66.95,0,0,0,70.99,67.53,0
2582580567.fna,0,0,0,0,0,0,75.37,0,0,0,0,0,0,0,0,67.05,0,0,0,0,0,0,74.89,0,0,70.84,0,0,0,0,0,0,0,0,0,0,0,0,0,0,69.62,0,0,0,0,0,0,0,0,0,0,0,0,0,0,100,0,0,0,0,0,0,0,0,0,0,0,0,0,0,0,0,75.05,0,0,0,0,0,0,0,0,0,0,0,0,0,0,0,0,0,0,0,0,0,0,0,0,0,0,0,0,0,0,0,0,0,0,0,0,0,0,0,0,0,0,0,0,0,0,0,0,0,0,0,0,0,0,0,0,0,0,0,0,0,0,0,0,0,0,0,0,0,0,0,0,0,0,0,0,0,0,0,0,68.15,0,0,0,0,0,0,0,0,0,0,0,0,0,0,0,0,0,0,0,0,0,0,0,0,0,0,0,0,0,0,0,0,0,0,0,0,0,0,0,0,0,0,0,0,0,0,0,0,0,0,0
2582580568.fna,0,0,0,0,0,0,0,0,0,0,0,0,0,0,0,0,0,0,0,0,0,0,0,0,0,0,0,0,0,0,0,66.93,0,0,0,0,0,0,0,0,0,0,0,0,0,0,0,0,0,0,0,0,0,0,0,0,100,0,0,0,0,0,0,0,0,0,0,0,0,0,0,0,0,0,67.35,0,63.3,0,0,0,0,0,0,0,0,0,0,0,0,0,0,0,0,0,0,0,0,0,0,0,0,0,0,0,0,0,0,0,0,0,0,0,0,0,0,0,0,0,0,0,0,0,0,0,0,0,0,0,0,0,0,0,0,0,0,0,0,0,0,0,0,0,0,0,0,0,0,0,0,0,0,0,0,0,0,0,0,0,0,0,0,0,0,0,0,0,0,0,0,0,0,0,0,0,0,0,0,0,0,0,0,0,0,0,0,0,0,0,0,0,0,0,0,0,0,0,0,0,0,0,0,0,0,0,0
2582580569.fna,67.79,0,0,0,0,0,0,0,0,0,0,0,0,0,0,0,0,0,0,0,0,0,0,0,0,0,0,0,0,0,0,0,0,0,0,0,0,0,0,0,0,0,0,0,70.31,0,0,0,0,0,0,0,0,0,0,0,0,100,0,0,0,0,0,0,0,0,0,0,0,0,0,0,0,0,0,0,0,0,0,0,0,0,0,0,0,0,0,0,0,0,0,0,0,0,0,0,0,0,0,0,0,0,0,0,67.26,0,0,0,0,0,0,67.36,0,0,0,0,0,0,0,0,0,0,0,66.77,0,0,0,0,0,0,0,0,70.57,0,0,0,0,0,0,0,0,0,0,0,0,0,0,0,76.29,0,0,0,0,0,0,0,0,0,0,0,0,0,0,0,0,0,0,0,0,0,0,0,0,0,0,0,0,0,0,0,0,0,0,0,0,0,0,0,0,0,0,0,0,0,0,67.86,0,0,0,0,0,0,0,0,0
2582580570.fna,0,0,0,0,0,0,0,0,0,0,0,0,0,0,0,0,0,0,0,0,0,0,0,0,0,0,0,0,0,0,0,0,0,0,0,0,0,0,0,0,0,0,0,0,0,0,0,0,0,0,0,0,0,0,0,0,0,0,100,0,0,0,0,0,0,0,0,0,0,0,0,0,0,0,0,0,0,0,0,0,0,0,0,0,0,0,0,0,0,0,0,0,0,0,0,0,0,0,0,0,0,0,0,0,0,0,0,0,0,0,0,0,0,0,0,0,0,0,0,0,0,0,0,0,0,0,0,0,0,0,0,0,0,0,0,0,0,0,0,0,0,0,0,0,0,0,0,0,0,0,0,0,0,0,0,0,0,0,0,0,0,0,0,0,0,0,0,0,0,0,0,0,0,0,0,0,0,0,0,0,0,0,0,0,0,0,0,0,0,0,0,0,0,0,0,0,0,0,0,0,0,0,0,0,0
2582580571.fna,0,0,0,0,0,0,0,0,0,0,0,0,0,0,0,0,0,0,67.58,0,0,0,0,0,0,0,0,0,0,0,0,0,0,0,0,0,0,0,0,0,0,0,0,0,0,0,0,0,0,0,0,0,0,0,0,0,0,0,0,100,0,0,0,0,0,0,0,0,74.5,0,0,68.72,0,0,0,0,0,0,0,0,0,0,0,0,0,67.52,0,0,0,0,0,0,0,0,0,0,0,0,0,0,0,0,0,0,0,0,0,0,0,0,0,0,0,0,0,0,0,0,0,0,0,0,0,0,0,0,0,0,0,0,0,0,0,0,0,0,0,0,0,0,0,0,0,0,0,0,0,0,0,0,0,0,0,0,0,0,0,0,0,0,0,0,0,0,0,0,0,0,0,0,0,0,0,0,0,0,0,0,0,0,0,0,0,0,0,0,0,0,0,0,0,0,0,0,0,0,0,0,0,0,0,0,0,0,0
2582580572.fna,0,0,0,0,0,0,0,0,0,0,0,0,0,0,0,0,69.78,0,0,0,0,0,0,0,0,0,0,0,0,0,0,0,0,0,0,0,0,0,70.05,0,0,69.05,0,68.01,70.16,0,0,0,0,0,0,0,68.93,0,0,0,0,0,0,0,100,0,0,69.86,0,0,0,0,0,0,0,0,0,0,0,0,0,0,0,0,0,0,0,68.16,0,0,0,0,0,0,0,0,0,0,0,0,72.42,0,0,0,0,0,0,0,0,0,0,0,0,0,0,0,69.8,0,0,70.22,0,70.23,0,0,69.32,0,0,0,0,0,0,0,0,0,0,0,0,0,0,0,0,0,70.23,0,0,0,0,0,0,0,0,67.22,0,0,0,0,69.88,0,0,0,0,0,0,0,0,0,0,0,0,0,0,0,0,0,70.51,0,0,0,0,0,0,0,69.86,0,0,0,0,0,0,0,0,64,0,0,0,0,67.25,0,0,0,0,70.36,0,0,0,70.36,0,0,0
2582580573.fna,0,0,0,0,0,0,0,0,0,71.06,0,73.87,55.91,0,0,0,0,0,0,0,0,0,0,0,0,0,66.84,0,0,0,68.1,0,0,0,0,0,0,0,0,0,0,0,0,0,0,0,0,68.19,0,0,0,0,0,0,0,0,0,0,0,0,0,100,0,0,0,0,0,0,0,0,0,0,0,0,0,0,0,0,0,0,0,69.59,0,0,0,0,0,0,67.5,0,0,0,0,0,0,70.32,0,0,0,0,0,0,0,0,0,0,0,0,0,0,58.24,0,0,0,0,0,0,0,0,0,0,67.71,0,0,0,68.55,0,0,0,0,0,0,0,0,0,0,0,0,0,0,0,0,0,74.82,0,0,0,0,69.34,0,0,0,0,0,0,69.34,0,0,0,0,0,0,70.41,0,0,0,0,0,0,0,0,0,0,0,0,0,0,0,0,0,0,0,0,0,0,0,0,0,0,0,0,0,0,0,0,0,0,0,0,0,0,0,0,0,0
2582580574.fna,0,0,0,0,0,0,0,0,0,0,0,0,0,0,0,0,0,0,0,0,0,0,0,0,0,0,0,0,0,0,0,0,0,0,0,0,0,0,0,0,0,0,0,0,0,0,0,0,0,0,0,0,0,0,0,0,0,0,0,0,0,0,100,0,0,0,0,0,0,0,0,0,0,0,0,0,0,0,0,0,0,0,0,0,0,0,0,0,0,0,0,0,0,0,0,0,0,0,0,0,0,0,0,0,0,0,0,0,0,0,0,0,0,0,0,0,0,0,0,0,0,0,0,0,0,0,0,0,0,0,0,0,0,0,0,0,0,0,0,0,0,0,0,0,0,0,0,0,0,0,0,0,0,0,0,0,0,0,0,0,0,0,0,0,0,0,0,0,0,0,0,0,0,0,0,0,0,0,0,0,0,0,0,0,0,0,0,0,0,0,0,0,0,0,0,0,0,0,0,0,0,0,0,0,0
2582580575.fna,0,0,0,0,0,0,0,0,0,0,0,0,0,0,0,0,70.94,0,0,0,0,0,0,0,0,0,0,0,0,0,0,0,0,0,0,0,0,0,70.66,0,0,0,0,70.55,0,0,0,0,0,0,0,0,71.01,0,0,0,0,0,0,0,70.25,0,0,100,0,0,0,0,0,0,0,0,0,0,0,0,0,0,0,0,0,0,0,68.08,0,0,0,0,0,0,0,0,0,0,0,0,69.54,0,0,0,0,0,0,0,0,0,0,0,0,0,0,0,70.56,0,0,71.06,0,70.79,0,0,73.4,0,0,0,0,0,0,0,0,0,0,0,0,0,0,0,0,0,71.38,0,0,0,0,0,0,0,0,0,0,0,0,0,70.9,0,0,0,0,0,0,0,0,0,0,0,0,0,0,0,0,0,0,0,0,0,0,0,0,0,70.65,0,0,0,0,0,0,0,0,0,0,0,0,0,0,0,0,0,0,71.92,0,0,0,71.9,0,0,0
2582580576.fna,0,0,0,0,0,0,0,0,0,0,0,0,0,75.45,0,0,0,0,0,0,0,0,0,0,0,0,61.83,0,0,0,0,0,0,0,0,0,0,0,0,75.85,0,0,0,0,0,0,0,0,0,0,0,0,0,0,0,0,0,0,0,0,0,0,0,0,100,74.82,0,0,0,0,0,0,0,0,0,0,0,0,0,0,0,0,0,0,0,0,0,0,64.59,0,0,0,0,0,0,0,0,0,0,0,0,0,0,0,0,0,0,0,0,0,0,0,0,0,0,0,68.51,0,0,0,0,0,0,0,0,61.17,0,0,0,0,0,0,0,0,0,0,47.73,0,0,0,0,56.43,0,0,0,0,0,0,0,0,0,0,0,0,0,0,0,0,0,0,0,0,0,0,0,0,0,0,0,0,0,0,0,0,0,0,0,0,0,0,0,0,0,0,0,0,0,0,0,0,0,0,0,0,0,0,0,0,0,0,0,0,0,0,59.96
2582580577.fna,0,0,0,0,0,0,0,0,0,0,0,0,70.39,79.61,0,0,0,0,0,68.29,0,0,0,0,0,0,67.76,0,0,0,0,0,0,0,0,0,0,0,0,79.39,0,0,0,0,0,0,0,0,0,0,0,0,0,0,0,0,0,0,0,0,0,0,0,0,74.2,100,0,0,0,0,0,0,0,0,0,0,0,0,0,0,0,0,0,0,0,0,0,0,0,0,0,0,0,0,0,0,0,0,0,0,0,0,0,0,0,0,0,0,0,0,0,0,0,0,0,0,0,0,0,0,0,0,0,0,0,66.59,0,0,0,0,0,0,0,0,0,0,0,0,0,70.28,0,0,0,0,0,0,0,0,0,64.66,0,0,0,0,0,0,0,0,0,0,0,0,0,0,0,0,0,0,0,0,0,0,0,0,0,0,0,0,0,0,0,0,0,0,0,0,0,0,0,0,0,0,0,0,0,0,0,0,0,0,0,0,0,0,0
2582580578.fna,0,0,0,0,0,0,0,0,0,0,0,0,0,0,0,0,0,0,0,0,0,0,0,0,72.04,0,0,0,68.41,0,0,0,0,0,0,0,0,0,0,0,0,0,0,0,0,0,72.69,0,72.14,0,0,0,0,0,0,0,0,0,0,0,0,0,0,0,0,0,100,0,0,0,0,0,0,0,0,0,0,0,0,0,0,0,0,0,0,0,0,0,0,0,0,0,68.27,0,0,0,0,0,0,69.85,0,0,0,0,0,0,0,0,0,0,0,0,0,0,0,0,0,0,0,0,0,0,0,0,0,0,0,0,0,0,0,0,0,0,0,0,0,0,0,0,0,0,0,0,0,0,0,0,0,0,0,0,0,0,0,0,0,0,0,0,0,0,0,0,0,0,0,0,0,0,0,0,0,0,0,0,0,0,0,0,0,0,0,0,0,0,0,0,0,0,0,0,0,0,0,0,0,0,0,0,0,0,0,0,0
2582580579.fna,0,0,0,0,0,0,0,0,0,0,0,0,0,0,0,0,0,0,0,0,0,0,0,0,0,0,0,0,0,0,0,0,0,0,0,0,0,0,0,0,0,0,0,0,0,0,0,0,0,0,0,0,0,0,0,0,0,0,0,0,0,0,0,0,0,0,0,100,0,0,0,0,0,0,0,0,0,0,0,0,0,0,0,0,0,0,0,0,0,0,0,0,0,0,0,0,0,0,0,0,0,0,0,0,0,0,0,0,0,0,0,0,0,0,0,0,0,0,0,0,0,0,0,0,0,0,0,0,0,0,0,0,0,0,0,0,0,72.59,0,0,0,0,0,0,0,0,0,0,0,0,0,0,0,0,0,0,0,0,0,0,0,0,0,0,0,0,0,0,0,0,0,0,0,0,0,0,0,0,0,0,0,0,0,0,0,0,0,0,0,0,0,0,0,0,0,0,0,0,0,0,0,0,0,0,0
2582580580.fna,0,0,0,0,0,0,0,0,0,0,0,0,0,0,0,0,0,0,0,0,0,0,0,62.1,0,0,0,0,0,0,0,0,0,0,0,0,0,0,0,0,0,0,0,0,0,0,0,0,0,0,0,0,0,0,0,0,0,0,0,74.63,0,0,0,0,0,0,0,0,100,0,0,69.99,0,0,0,0,0,0,67.49,0,0,0,0,0,0,0,0,0,0,0,0,0,0,0,0,0,0,0,0,0,0,0,0,0,0,0,0,0,0,0,0,0,0,0,0,0,0,0,0,0,0,0,0,0,0,0,0,0,0,0,0,0,0,0,0,0,0,0,0,0,0,0,0,0,0,0,0,0,0,0,0,0,0,0,0,0,0,0,0,0,0,0,0,0,0,0,0,0,0,0,0,0,0,0,0,67.49,0,0,0,0,0,0,0,0,0,0,0,0,0,0,0,0,0,0,0,0,0,0,0,0,0,0,0,0,0
2582580581.fna,0,0,0,0,0,0,0,0,0,0,0,0,0,0,0,0,0,0,0,0,0,0,0,0,0,0,0,0,0,0,0,0,0,0,0,0,0,0,0,0,0,0,0,0,0,0,0,0,0,0,0,0,0,0,0,0,0,0,0,0,0,0,0,0,0,0,0,0,0,100,0,0,0,0,0,0,0,0,0,0,0,0,0,0,0,0,0,0,0,0,0,0,0,0,0,0,0,0,0,59.17,0,0,0,0,0,0,0,0,0,0,0,0,0,0,0,0,0,0,0,0,0,0,0,0,0,0,0,0,0,0,0,0,0,0,0,0,0,0,0,0,0,0,0,0,0,0,0,0,0,0,0,0,0,0,0,0,0,0,0,0,0,0,0,0,0,0,0,0,0,0,0,0,0,0,0,0,0,0,0,0,0,0,0,0,0,0,0,0,0,0,0,0,0,0,0,0,0,0,0,0,0,0,0,0,0
2582580582.fna,0,0,0,0,0,0,0,0,0,0,0,0,0,0,0,0,0,0,0,0,0,0,0,0,0,0,0,0,0,0,0,0,0,0,0,0,0,0,0,0,0,0,0,0,0,0,0,0,0,0,0,0,0,0,0,0,0,0,0,0,0,0,0,0,0,0,0,0,0,0,100,0,0,0,0,0,0,0,0,0,0,0,0,0,0,0,0,0,0,0,0,0,0,0,0,0,0,0,0,0,0,0,0,0,0,0,0,0,0,0,0,0,0,0,0,0,0,0,0,0,0,0,0,0,0,0,0,0,0,0,0,0,0,0,0,0,0,0,0,0,0,0,0,0,0,0,0,0,0,0,0,0,0,0,0,0,0,0,0,0,0,0,0,0,0,0,0,0,0,0,0,0,0,0,0,0,0,0,0,0,0,0,0,0,0,0,0,0,0,0,0,0,0,0,0,0,0,0,0,0,0,0,0,0,0
2582580583.fna,0,0,0,0,0,0,0,67.87,0,0,0,0,0,0,0,0,0,0,0,0,0,0,0,0,0,0,0,0,0,0,0,0,0,0,0,0,0,0,0,0,0,0,0,0,0,0,0,0,0,0,0,0,0,0,0,0,0,0,0,69.38,0,0,0,0,0,0,0,0,69.51,0,0,100,0,0,0,0,0,0,0,0,0,0,0,0,0,0,0,0,0,0,0,0,0,0,0,0,0,0,0,0,0,68.05,0,0,0,0,0,0,0,0,0,0,0,0,0,0,0,0,0,0,0,0,0,0,0,0,0,0,0,0,0,0,0,0,0,0,0,0,0,0,0,0,0,0,0,0,0,0,0,0,0,0,0,0,0,0,0,0,0,0,0,0,0,0,0,0,0,0,0,0,0,0,0,0,0,0,0,0,0,0,0,0,0,0,0,0,0,67.07,0,0,0,0,0,0,0,0,0,0,0,0,0,0,0,0,0
2582580584.fna,0,0,0,0,0,0,88.43,0,0,0,0,0,0,0,0,0,0,0,0,68.44,0,0,84.32,0,0,0,0,0,0,0,0,0,0,0,0,0,0,0,0,0,71.24,0,0,0,0,0,0,0,0,0,0,0,0,0,0,75.36,0,0,0,0,0,0,0,0,0,0,0,0,0,0,0,0,100,0,0,0,0,0,0,0,0,0,0,0,0,0,0,0,0,0,0,0,0,0,0,0,0,0,0,0,0,0,0,0,0,0,0,0,0,0,0,0,0,0,0,0,0,0,0,0,0,0,0,0,0,0,0,0,0,0,0,0,0,0,0,0,0,0,0,0,0,0,0,0,0,0,0,0,0,0,0,0,0,0,0,0,0,0,0,0,0,0,0,0,0,0,0,0,0,0,0,0,0,0,0,0,0,0,0,0,0,0,0,0,0,0,0,0,0,0,0,0,0,0,0,0,0,0,0,0,0,0,0,0,0
2582580585.fna,0,0,0,0,0,0,0,0,0,0,0,0,0,0,0,0,0,0,0,0,0,0,0,0,0,0,0,0,0,0,0,0,0,0,0,0,0,0,0,0,0,0,0,0,0,0,0,0,0,0,0,0,0,0,0,0,0,0,0,0,0,0,0,0,0,0,0,0,0,0,0,0,0,100,0,0,0,0,0,0,0,0,0,0,0,0,0,0,0,0,0,0,0,0,0,0,0,0,0,0,0,0,0,0,0,0,0,0,0,0,0,0,0,0,0,0,0,0,0,0,0,0,0,0,0,0,0,0,0,0,0,0,0,0,0,0,0,0,0,0,0,0,0,0,0,0,66.88,0,0,0,0,0,0,0,0,0,0,0,0,0,0,0,0,0,0,0,0,0,0,0,0,0,0,0,0,0,0,0,0,0,0,0,0,0,0,0,0,0,0,0,0,0,0,0,0,0,0,0,0,0,0,0,0,0,0
2582580586.fna,0,0,0,0,0,0,0,0,0,0,0,0,0,0,0,68.92,0,0,0,0,0,0,0,0,0,0,0,0,0,0,0,68.75,0,0,0,0,0,69.26,0,0,0,0,0,0,0,0,0,0,0,0,0,0,0,0,0,0,67.36,0,0,0,0,0,0,0,0,0,0,0,0,0,0,0,0,0,100,0,68.39,0,0,0,69.7,0,0,0,0,0,0,72.97,0,0,68.57,0,0,0,0,0,0,0,0,0,0,69.21,0,0,0,0,0,0,0,0,0,0,0,0,0,0,0,0,0,0,0,0,0,0,0,0,0,0,0,0,0,0,0,0,0,0,0,0,0,0,0,0,0,0,0,0,0,0,0,0,0,0,0,0,0,0,0,0,0,0,0,0,0,0,0,0,0,0,0,0,0,0,0,0,0,0,0,0,0,0,0,0,0,0,0,0,0,0,0,0,0,0,0,0,0,0,0,0,0,0,0,0,0,0,0
2582580587.fna,0,0,0,0,0,0,0,0,0,0,0,0,0,0,0,0,0,0,0,0,0,0,0,0,0,0,0,0,0,0,0,0,0,0,0,0,0,68.61,0,0,0,0,0,0,0,0,0,0,0,0,0,74.77,0,0,0,0,0,0,0,0,0,0,0,0,0,0,0,0,0,0,0,0,0,0,0,100,0,66.84,69.65,0,67.71,0,0,0,68.82,0,0,0,0,0,0,0,0,0,0,0,0,0,71.34,0,0,0,0,0,0,0,0,0,0,0,0,0,0,0,0,0,0,0,0,0,0,0,0,0,70.02,0,0,0,0,0,0,0,0,0,0,0,0,0,0,0,0,0,0,0,0,0,0,0,0,0,0,0,0,0,0,0,0,0,0,68.22,0,0,0,0,69.22,0,0,0,0,0,0,0,0,0,0,0,0,0,0,0,0,0,0,0,0,0,0,0,0,0,0,0,0,0,0,0,0,0,0,0,0,0,0,0,0
2582580588.fna,0,0,0,0,0,0,0,0,0,0,0,0,0,0,0,0,0,0,0,0,70.18,0,0,0,0,0,0,0,0,69.06,0,0,0,0,0,0,0,0,0,0,0,0,0,0,0,0,0,0,0,0,0,0,0,0,0,0,67.18,0,0,0,0,0,0,0,0,0,0,0,0,0,0,0,0,0,67.85,0,100,0,0,0,0,0,0,0,69.03,0,0,0,0,69.23,0,0,0,0,0,0,0,0,0,0,0,66.69,0,0,0,0,0,0,0,0,0,0,0,0,0,0,0,0,0,0,0,0,0,0,0,0,0,67.6,0,0,0,0,0,0,0,0,0,0,0,0,0,0,0,0,0,0,0,0,0,0,0,0,0,0,0,0,0,0,0,68.51,0,0,0,0,0,0,0,0,0,0,61.08,0,0,0,0,0,0,0,0,0,0,0,0,0,0,0,0,0,0,0,0,0,0,0,0,0,0,0,0,0,0,0,0,0,0
2582580589.fna,0,0,0,0,0,0,0,0,0,0,0,0,0,0,0,0,0,0,0,0,68.36,64.72,0,63.3,0,0,0,0,0,64.42,0,0,0,0,0,0,0,0,0,0,0,0,0,0,0,0,0,0,0,0,0,68.1,0,0,0,0,0,0,0,0,0,0,0,0,0,0,0,0,0,0,0,0,0,0,0,67,0,100,0,0,0,0,0,0,70.98,0,0,0,0,67.83,0,62.63,0,63.13,0,0,0,0,0,0,0,0,68.97,0,0,0,0,0,0,0,0,0,0,0,0,0,0,0,0,0,0,0,0,0,69.84,0,0,59.43,0,0,0,0,0,0,0,0,0,0,0,0,0,0,0,0,0,0,69.98,0,0,0,0,0,0,0,0,0,0,0,0,67.67,0,0,0,0,0,0,0,0,0,0,0,0,0,0,0,0,0,0,0,0,0,0,0,0,0,0,0,0,0,0,0,0,0,0,0,0,0,0,0,0,0,0,0,0,0
2582580590.fna,0,0,0,0,0,0,0,0,0,0,0,0,0,0,0,68.05,0,0,0,0,0,0,0,67.76,0,0,0,0,0,0,0,0,0,0,0,71.2,0,0,0,0,0,0,0,0,0,0,0,0,0,0,0,69.98,0,0,0,0,0,0,0,0,0,0,0,0,0,0,0,0,67.96,0,0,0,0,0,0,69.72,0,0,100,0,67.79,0,0,0,0,67.42,0,68.77,0,0,0,0,0,0,0,0,0,0,68.85,0,0,67.86,66.89,0,0,0,0,0,0,0,0,0,0,0,0,0,0,0,0,0,0,0,0,0,0,0,0,68.54,0,0,0,0,0,0,0,0,0,70.07,0,0,0,0,0,0,0,0,0,0,0,0,0,0,0,0,0,0,0,0,0,68.55,0,0,0,0,0,0,0,0,0,0,66.44,0,0,0,0,0,0,0,0,0,0,0,0,0,0,0,0,0,0,0,0,0,0,0,0,0,0,0,0,0,0,0,0,0,0
2582580591.fna,0,0,0,0,0,0,0,0,0,0,0,0,0,0,0,0,0,0,0,0,0,0,0,0,0,0,0,0,0,0,0,0,0,0,0,0,0,0,0,0,0,0,0,0,0,0,0,0,0,0,0,0,0,0,0,0,0,0,0,0,0,0,0,0,0,0,0,0,0,0,0,0,0,0,0,0,0,0,0,100,0,0,0,0,0,0,0,0,0,0,0,0,0,0,0,0,0,0,0,0,0,0,0,0,0,0,0,0,0,0,0,0,0,0,0,0,0,0,0,0,0,0,0,0,0,0,0,0,0,0,0,0,0,0,0,0,0,0,0,0,0,0,0,0,0,0,0,0,0,0,0,0,0,0,0,0,0,0,0,0,0,0,0,0,0,0,0,0,0,0,0,0,0,0,0,0,0,0,0,0,0,0,0,0,0,0,0,0,0,0,0,0,0,0,0,0,0,0,0,0,0,0,0,0,0
2582580592.fna,0,0,0,0,0,0,0,0,0,0,79.76,0,0,0,0,70.64,0,0,0,0,0,0,0,0,0,0,0,0,0,0,0,0,0,0,0,0,0,75.55,0,0,0,0,0,0,0,0,0,0,0,0,0,0,0,0,0,0,0,0,0,0,0,0,0,0,0,0,0,0,0,0,0,0,0,0,68.93,68.23,0,0,67.78,0,100,0,0,0,62.17,0,0,0,0,0,0,0,0,0,0,0,0,0,0,0,0,65.01,0,0,0,0,0,0,0,0,0,0,0,0,0,0,0,0,0,0,0,0,0,0,0,0,0,0,0,0,0,0,0,67.75,0,0,0,0,0,0,0,0,0,0,0,0,0,0,0,0,0,0,0,0,0,0,0,0,0,0,0,0,0,0,74.62,0,68.32,0,0,0,0,0,0,0,0,0,0,0,0,0,0,0,0,0,0,0,0,0,0,0,0,0,0,0,0,0,0,0,0,0,0,0,0,0,0
2582580593.fna,0,0,0,0,0,0,0,0,0,0,0,0,0,0,0,0,0,0,0,0,0,0,0,0,0,0,0,0,0,0,67.21,0,0,0,0,0,0,0,0,0,0,0,0,0,68.12,0,0,0,0,0,0,0,0,0,0,0,0,0,0,0,0,69.53,0,0,0,0,0,0,0,0,0,0,0,0,0,0,0,0,0,0,0,100,0,0,0,0,0,0,67.84,0,0,0,0,0,0,67.55,0,0,0,0,0,0,0,0,0,0,0,0,0,0,0,0,0,0,0,0,0,0,0,0,0,0,75.63,0,0,67.32,0,0,0,0,0,0,0,0,0,0,67.41,0,0,0,0,0,0,68.6,0,0,0,0,69.19,0,0,0,0,0,0,69.43,0,0,0,0,0,0,68.91,0,0,0,0,0,0,0,0,0,0,0,48.11,0,0,0,0,0,0,0,0,0,0,0,0,0,0,0,0,0,0,0,0,0,70.11,0,0,0,0,0,0,0,0
2582580594.fna,0,0,0,0,0,0,0,0,0,0,0,0,0,0,0,0,0,0,0,0,0,0,0,0,0,0,0,0,0,0,0,0,0,0,0,0,0,0,0,0,0,0,0,0,0,0,0,0,0,0,0,0,0,0,0,0,0,0,0,0,0,0,0,0,0,0,0,0,0,0,0,0,0,0,0,0,0,0,0,0,0,0,100,0,0,0,0,0,0,0,0,0,0,0,0,0,0,0,0,0,0,0,0,0,0,0,0,0,0,0,0,0,0,0,0,0,0,0,0,0,0,0,0,0,0,0,0,0,0,0,0,0,0,0,0,0,0,0,0,0,0,0,0,0,0,0,0,0,0,0,0,0,0,0,0,0,0,0,0,0,0,0,0,0,0,0,0,0,0,0,0,0,0,0,0,0,0,0,0,0,0,0,0,0,0,0,0,0,0,0,0,0,0,0,0,0,0,0,0,0,0,0,0,0,0
2582580595.fna,0,0,0,0,0,0,0,0,0,0,0,0,0,0,0,0,66.65,0,0,0,0,0,0,0,0,0,0,0,0,0,0,0,0,0,0,0,0,0,68.86,0,0,0,0,67.44,0,0,0,0,0,0,0,0,68.54,66.26,0,0,0,0,0,0,68.43,0,0,68.97,0,0,0,0,0,0,0,0,0,0,0,0,0,0,0,0,0,0,0,100,0,0,0,0,0,0,0,0,0,0,0,0,67.79,0,0,0,0,0,0,0,0,0,0,0,0,0,0,0,68.52,0,0,0,0,68.62,0,0,67.89,0,0,0,0,0,0,0,0,0,0,0,0,0,0,0,0,0,67.97,0,0,0,0,0,0,0,0,0,0,0,0,0,67.59,0,0,0,0,0,0,0,0,0,0,0,0,0,0,0,0,0,0,0,0,0,0,0,0,0,67.78,0,0,0,0,0,0,0,0,0,0,0,0,0,0,0,0,0,0,0,0,0,0,67.09,0,0,0
2582580596.fna,0,0,0,0,0,0,0,0,0,0,0,0,0,0,0,0,0,0,0,0,67.61,65.15,0,68.5,0,0,0,0,0,70.06,0,0,0,0,0,0,0,0,0,0,0,0,0,0,0,0,0,0,0,0,0,67.74,0,0,0,0,0,0,0,0,0,0,0,0,0,0,0,0,0,0,0,0,0,0,0,68.43,68.93,70.99,0,0,63.86,0,0,0,100,0,0,0,0,67.24,0,0,0,0,0,0,0,0,0,0,0,58.27,70.4,0,0,0,0,0,0,0,58.02,0,0,0,0,0,0,0,0,0,0,0,0,0,71.84,0,0,68.21,0,0,69.21,0,0,0,0,0,0,0,0,0,0,0,0,0,0,0,70.03,0,0,0,0,0,0,0,0,0,0,0,0,71.28,0,0,0,0,0,0,0,0,0,0,0,0,0,0,0,0,0,0,0,0,0,0,0,0,0,0,0,0,0,0,0,0,0,0,0,0,0,0,0,0,0,0,0,0,0
2582580597.fna,0,0,0,0,0,0,0,0,0,0,0,0,0,0,0,0,0,0,0,0,66.78,0,0,0,0,0,0,0,0,0,0,68.04,0,0,0,0,0,69.37,0,0,0,0,0,0,0,0,0,0,0,0,0,68,0,0,0,0,0,0,0,67.52,0,0,0,0,0,0,0,0,0,0,0,0,0,0,0,0,0,0,67.32,0,0,0,0,0,0,100,0,68.98,0,66.24,71.25,0,0,0,0,0,0,0,0,0,0,0,67.69,0,0,0,0,0,0,0,0,0,0,0,0,0,0,0,0,0,0,0,0,0,0,0,0,0,0,0,0,0,0,0,0,0,0,0,0,0,0,0,0,0,0,0,0,0,0,0,0,0,0,0,0,0,70.62,0,0,66.73,0,0,0,0,69.11,0,67,0,0,0,0,0,0,0,0,0,0,0,0,0,0,0,0,0,0,0,0,0,0,0,0,0,0,0,0,0,0,0,0,0,0,0,0,0,0
2582580598.fna,0,0,0,0,0,0,0,0,0,0,0,0,0,0,0,0,0,0,0,0,0,0,0,0,0,0,0,0,0,0,0,0,0,0,0,0,0,0,0,0,0,0,0,0,0,0,0,0,0,68.68,0,0,0,0,0,0,0,0,0,0,0,0,0,0,0,0,0,0,0,0,0,0,0,0,0,0,0,0,0,0,0,0,0,0,0,0,100,0,0,0,0,0,0,0,0,0,0,69.15,0,0,0,0,0,0,0,0,67.76,0,0,69.21,0,0,0,0,0,0,0,0,0,0,0,0,0,0,0,0,0,0,0,0,0,0,85.1,0,0,0,0,0,0,0,0,0,0,0,0,0,0,0,0,0,0,0,0,0,0,0,0,0,0,0,0,0,0,0,0,0,0,0,0,0,0,0,0,0,0,0,0,0,0,0,0,0,0,0,69.82,0,0,69.69,0,0,0,0,0,85.04,0,0,0,0,0,0,0,0,67.21,68.63,0
2582580599.fna,0,0,0,0,0,0,0,0,0,0,0,0,0,0,0,0,0,0,0,0,0,0,0,0,0,0,0,0,0,0,0,0,0,0,0,0,0,70.59,0,0,0,0,0,0,0,0,0,0,0,0,0,0,0,0,0,0,0,0,0,0,0,0,0,0,0,0,0,0,0,0,0,0,0,0,72.92,0,0,0,69.85,0,0,0,0,0,0,69.04,0,100,0,0,0,0,0,0,0,0,0,0,39.99,0,0,61.45,67.83,0,0,0,0,0,0,0,0,0,0,0,0,0,0,0,0,0,0,0,0,0,0,0,0,0,0,0,0,0,0,0,0,0,0,0,0,0,0,0,0,0,0,0,0,0,0,0,0,0,0,0,0,0,0,0,0,0,0,0,0,0,68.59,0,0,0,0,0,0,0,0,0,0,0,0,0,0,0,0,0,0,0,0,0,0,0,0,0,0,0,0,0,0,0,0,0,0,0,0,0,0,0,0
2582580600.fna,0,68.79,0,68.79,0,0,0,0,0,0,0,0,0,0,60.42,0,0,0,0,0,0,0,0,0,0,0,71.13,0,0,0,68.45,0,0,0,0,0,0,0,0,58.62,0,0,0,0,71.62,68.37,0,70.38,0,0,0,0,0,0,0,0,0,0,0,0,0,67.98,0,0,68.93,0,0,0,0,0,0,0,0,0,0,0,0,0,0,0,0,67.22,0,0,0,0,0,0,100,0,0,0,0,0,68.13,0,0,69.12,0,0,0,0,0,0,0,0,65.34,0,0,0,0,0,0,0,0,0,0,0,0,0,0,74.28,0,0,0,0,0,0,0,0,0,68.74,0,0,0,0,73.46,0,0,72.55,74.09,0,0,0,0,0,0,0,0,0,0,0,0,0,0,0,0,0,0,0,0,0,69.2,0,0,0,0,0,0,0,0,0,0,68.49,0,0,0,0,0,0,0,0,0,0,0,0,0,0,0,0,0,0,0,0,0,0,0,0,68.16,0,0,0,0,0,0
2582580601.fna,0,0,0,0,0,0,0,0,0,0,0,0,0,0,0,0,0,0,0,0,69.29,71.31,0,69.64,0,0,0,0,0,69.6,0,0,0,0,0,0,0,0,0,0,0,0,0,0,0,0,0,0,0,0,0,0,0,0,0,0,0,0,0,0,0,0,0,0,0,0,0,0,0,0,0,0,0,0,0,0,69.01,68.76,0,0,0,0,0,0,67.16,66.62,0,0,0,100,0,0,0,69.02,0,0,0,0,0,0,0,0,69.02,0,0,0,0,0,0,0,0,0,0,0,0,0,0,0,0,0,0,0,0,0,68.27,0,0,69.23,0,0,0,0,0,0,0,0,0,0,0,0,0,0,0,0,0,0,68.44,0,0,0,0,0,0,0,0,0,0,0,0,67.88,0,0,0,0,0,0,0,0,0,0,0,0,0,0,0,0,0,0,0,0,0,0,0,0,0,0,0,0,0,0,0,0,0,0,0,0,0,0,0,0,0,0,0,0,0
2582580602.fna,0,0,0,0,0,0,0,0,0,0,0,0,0,0,0,0,0,0,0,0,0,0,0,0,0,0,0,0,0,0,0,0,0,0,0,0,0,69.79,0,0,0,0,0,0,0,0,0,0,0,0,0,0,0,0,0,0,0,0,0,0,0,0,0,0,0,0,0,0,0,0,0,0,0,0,68.66,0,0,0,0,0,0,0,0,0,0,71.14,0,0,0,0,100,0,0,0,0,0,0,0,0,0,0,0,0,0,0,0,0,0,0,0,0,0,0,0,0,0,0,0,0,0,0,0,0,0,0,0,0,0,0,0,0,0,0,0,0,0,0,0,0,0,0,0,0,0,0,0,0,0,0,0,0,0,0,0,0,0,0,0,0,0,0,0,0,0,0,0,0,0,0,0,0,0,0,0,0,0,0,0,0,0,0,0,0,0,0,0,0,0,0,0,0,0,0,0,0,0,0,0,0,0,0,0,0,0,0
2582580603.fna,0,0,0,0,0,0,0,60.76,0,0,0,0,0,0,0,0,0,0,0,0,0,0,0,0,0,0,0,0,0,0,0,0,0,0,0,0,0,0,0,0,0,0,0,0,0,0,0,0,0,0,0,0,0,0,0,0,0,0,0,0,0,0,0,0,0,0,0,0,0,0,0,0,0,0,0,0,0,63.01,0,0,0,0,0,0,0,0,0,0,0,0,0,100,0,0,0,0,0,0,0,0,0,67.74,0,0,0,0,0,0,0,0,0,0,0,0,0,0,0,0,0,0,0,0,0,0,67.06,0,0,0,0,0,0,0,0,0,0,0,0,0,0,0,0,0,0,0,0,0,0,0,0,0,0,0,0,0,0,0,0,0,0,0,0,0,0,0,0,0,0,0,0,0,0,0,0,0,0,0,0,0,0,0,0,0,0,0,0,0,0,0,0,0,0,0,0,0,0,0,0,0,0,0,0,0,0,0,0
2582580604.fna,66.51,0,0,0,0,0,0,0,0,0,0,0,68.6,0,0,0,0,0,0,0,0,0,0,0,0,0,0,0,68.86,0,69.84,0,0,0,66.56,68.45,0,0,0,0,0,0,0,0,0,0,68.97,0,68.98,0,0,0,0,0,0,0,0,0,0,0,0,0,0,0,0,0,68.38,0,0,0,0,0,0,0,0,0,0,0,0,0,0,0,0,0,0,0,0,0,0,0,0,0,100,0,70.66,0,0,0,0,69.09,0,0,0,0,0,0,0,0,0,0,0,0,0,0,0,0,0,0,0,0,0,0,0,0,0,0,0,0,0,0,0,0,0,0,0,0,67.16,0,0,0,0,0,0,0,0,0,0,0,0,0,0,0,0,0,0,0,0,0,0,0,0,0,67.76,0,0,0,0,0,0,0,0,0,0,0,0,0,0,0,0,0,0,0,0,0,0,0,0,0,0,0,0,0,0,0,0,0,0,0,0,0,0,0,0,0,0
2582580605.fna,0,0,0,0,0,0,0,0,0,0,0,0,0,0,0,0,0,0,0,0,68.92,66.24,0,61.93,0,0,0,0,0,69.56,0,0,0,0,0,0,0,0,0,0,0,0,0,0,0,0,0,0,0,0,0,0,0,0,0,0,0,0,0,0,0,0,0,0,0,0,0,0,0,0,0,0,0,0,0,0,0,67.69,0,0,0,0,0,0,0,0,0,0,0,69.01,0,0,0,100,0,0,0,0,0,0,0,0,68.58,0,0,0,0,0,0,0,0,0,0,0,0,0,0,0,0,0,0,0,0,0,0,0,0,0,0,0,0,0,0,0,0,0,0,0,0,0,0,0,0,0,0,0,69.35,0,0,0,0,0,0,0,0,0,0,0,0,65.71,0,0,0,0,0,0,0,0,0,0,0,0,0,0,0,0,0,0,0,0,0,0,0,0,0,0,0,0,0,0,0,0,0,0,0,0,0,0,0,0,0,0,0,0,0
2582580606.fna,0,0,0,0,0,0,0,0,0,0,0,0,69.99,70.43,0,0,0,0,0,0,0,0,0,0,0,0,0,0,0,0,77.66,0,0,0,0,0,0,0,0,68.17,0,0,0,0,67.85,0,0,0,0,0,0,0,0,0,0,0,0,0,0,0,0,0,0,0,0,0,0,0,0,0,0,0,0,0,0,0,0,0,0,0,0,0,0,0,0,0,0,0,67.95,0,0,0,70.54,0,100,70.01,0,0,0,0,0,0,0,0,0,0,0,0,0,0,0,0,0,0,0,0,0,0,0,0,0,68.43,0,0,0,0,0,0,0,0,0,0,0,0,0,0,68.69,0,0,68.16,68.18,0,0,0,0,0,55.52,0,0,0,0,0,0,0,0,69.74,0,0,0,0,0,0,69.67,0,0,0,0,0,0,0,0,0,0,0,0,0,0,0,0,58.49,0,0,0,0,0,0,0,0,0,0,0,0,0,0,0,0,0,0,0,0,0,0,0,0,0
2582580607.fna,0,0,0,0,0,0,0,0,0,0,0,70.33,0,0,0,0,0,0,0,0,0,0,0,0,0,0,0,0,67.2,0,0,0,0,0,0,0,0,0,0,0,0,0,0,0,66.13,0,0,0,0,0,0,0,0,0,0,0,0,0,0,0,0,70.33,0,0,0,0,0,0,0,0,0,0,0,0,0,0,0,0,0,0,0,69.59,0,0,0,0,0,0,0,0,0,0,0,0,69.78,100,0,0,0,0,0,0,0,0,0,0,0,0,0,0,0,0,0,0,0,0,0,0,0,0,0,0,71.43,0,0,0,0,0,0,0,0,0,0,0,0,0,0,0,0,0,0,0,0,70.69,71.24,71.76,0,0,0,0,0,0,0,0,0,0,0,0,0,0,0,0,69.17,0,0,70.04,0,0,0,0,0,0,0,0,0,0,0,0,0,0,0,0,0,0,0,0,0,0,0,0,0,0,0,0,0,0,0,0,0,0,0,0,0,0,0
2582580608.fna,0,0,0,0,0,0,0,0,0,0,0,0,0,0,0,0,69.75,0,0,0,0,0,0,0,0,0,0,0,0,0,0,0,0,0,0,0,0,0,69.01,0,0,68.03,0,70.61,0,0,0,0,0,0,0,0,69.16,0,0,0,0,0,0,0,72.35,0,0,69.41,0,0,0,0,0,0,0,0,0,0,0,0,0,0,0,0,0,0,0,67.93,0,0,0,0,0,0,0,0,0,0,0,0,100,0,0,0,0,0,0,0,0,0,0,0,0,0,0,0,69.42,0,0,68.54,0,69.32,0,0,69.39,0,0,0,0,0,0,0,0,0,0,0,0,0,0,0,0,0,69.08,0,0,0,0,0,0,0,0,0,0,0,0,0,68.96,0,0,0,0,0,0,0,0,0,0,0,0,0,0,0,0,0,0,0,0,0,0,0,0,0,68.92,0,0,0,0,0,0,0,0,0,0,0,0,0,0,0,0,0,0,69.41,0,0,0,69.38,0,0,0
2582580609.fna,0,0,0,69.07,0,0,0,0,0,0,0,0,0,0,0,0,0,0,0,0,0,0,0,0,0,0,69.24,0,0,0,0,0,0,0,0,0,0,0,0,0,0,0,0,0,67.64,0,0,0,0,0,0,0,0,0,0,0,0,0,0,0,0,0,0,0,0,0,0,0,0,0,0,0,0,0,0,0,0,0,0,0,0,0,0,0,0,0,75.14,0,69.38,0,0,0,0,0,0,0,0,100,0,0,0,0,0,0,0,0,0,0,0,0,0,0,0,0,0,0,0,0,0,0,0,68.97,0,0,0,0,0,0,0,0,0,0,0,0,0,0,0,0,0,0,68.65,0,0,0,0,0,0,0,0,0,0,0,0,0,0,0,0,0,0,0,0,0,0,0,0,0,0,0,0,0,0,0,0,0,0,0,0,0,0,0,0,0,0,0,0,0,0,0,0,0,0,0,0,0,0,0,0,0,66.3,0,0,0,0,0,70.67
2582580610.fna,0,0,0,0,0,0,0,0,0,0,0,0,0,0,0,0,0,0,0,0,0,0,0,0,0,0,0,0,0,0,0,0,0,0,0,0,0,0,0,0,0,0,0,0,0,0,0,0,0,0,0,70.63,0,0,0,0,0,0,0,0,0,0,0,0,0,0,0,0,0,0,0,0,0,0,0,71.33,0,0,68.98,0,0,0,0,0,0,0,0,67.53,0,0,0,0,0,0,0,0,0,0,100,0,0,0,0,0,0,0,0,0,0,0,0,0,0,0,0,0,0,0,0,0,0,0,0,0,0,0,0,0,0,0,0,0,0,0,0,0,0,0,0,0,0,0,0,0,0,0,0,0,0,0,0,0,0,0,0,0,0,0,0,65.33,0,0,0,0,0,0,0,71.95,0,0,0,0,69.78,0,0,0,0,0,0,0,0,0,0,0,0,0,0,0,0,0,0,0,0,0,0,0,0,0,0,0,0,0,0,0,0
2582580611.fna,67.58,0,0,0,0,0,0,0,0,0,0,0,0,0,0,0,0,0,0,0,0,0,0,0,68.79,0,0,0,0,0,69.03,0,0,0,0,68.32,0,0,0,0,0,0,0,0,0,0,0,0,66.51,0,0,0,0,0,0,0,0,0,0,0,0,0,0,0,0,0,68.49,0,0,64.35,0,0,0,0,0,0,0,0,0,0,0,0,0,0,0,0,0,0,0,0,0,0,68,0,0,0,0,0,0,100,0,0,0,0,0,0,0,0,0,0,0,0,0,0,0,0,0,0,0,0,0,0,0,0,0,67.45,0,0,0,0,0,0,0,0,0,0,0,0,0,0,0,0,0,0,0,0,0,0,0,0,0,0,0,0,0,0,0,0,0,0,0,0,0,0,0,0,0,0,0,50.68,0,0,0,0,0,0,0,0,0,0,0,0,0,0,0,0,0,0,0,0,0,0,0,0,0,0,0,0,0,0,0,0,0,0,0
2582580612.fna,0,0,68.78,0,0,0,0,0,0,0,0,0,0,0,0,0,0,0,0,0,0,0,0,0,0,0,0,0,0,0,0,0,0,0,0,0,0,0,0,0,0,0,0,0,0,0,0,0,0,0,0,0,0,0,0,0,0,0,0,0,0,0,0,0,0,0,0,0,0,0,0,0,0,0,0,0,0,0,0,0,0,0,0,0,0,0,0,0,0,0,0,0,0,0,0,0,0,0,0,0,100,0,0,0,0,0,0,0,0,0,0,0,0,0,0,0,0,0,0,0,0,0,0,0,0,0,0,0,0,0,0,0,0,0,0,0,0,0,0,0,0,0,0,0,0,0,0,0,0,0,0,0,0,0,0,0,0,0,0,0,0,0,0,0,0,0,0,0,0,0,0,0,0,0,0,0,0,0,0,0,0,0,0,0,0,0,0,0,0,0,0,0,0,0,0,0,0,0,0,0,0,0,0,0,0
2582580613.fna,0,0,0,0,0,0,0,0,0,0,0,0,0,0,0,0,0,0,0,0,0,0,0,0,0,0,0,0,0,0,0,0,0,0,0,0,67.21,68.91,0,0,0,0,0,0,0,0,0,0,0,0,0,0,0,0,0,0,0,0,0,0,0,0,0,0,0,0,0,0,0,0,0,68.01,0,0,69.2,0,66.77,0,68.02,0,66.72,0,0,0,68.69,0,0,67.75,0,0,0,67.92,0,0,0,0,0,0,0,0,0,100,0,0,69.49,0,0,0,0,0,0,0,0,0,0,0,0,0,0,0,0,0,0,0,0,0,0,0,0,0,67.8,0,0,0,0,0,0,0,0,0,0,0,0,0,0,0,0,0,0,0,0,0,0,0,0,0,0,0,0,62.11,0,0,0,0,0,0,0,0,0,0,0,0,0,0,0,0,0,0,0,0,0,0,0,0,0,0,0,0,0,0,0,0,0,0,0,0,0,0,0,0,0,0,0,0,0
2582580614.fna,0,0,0,0,0,0,0,0,0,0,0,0,0,0,0,0,0,0,0,0,71.83,67.95,0,71.91,0,0,0,0,0,72.45,0,0,0,0,0,0,0,0,0,0,0,0,0,0,0,0,0,0,0,0,0,0,0,0,0,0,0,0,0,0,0,0,0,0,0,0,0,0,0,0,0,0,0,0,0,0,0,68.46,54.4,0,0,0,0,0,67.65,67.4,0,68.34,0,66.96,0,0,0,68.48,0,0,0,0,0,0,0,0,100,0,0,0,0,0,0,0,59.01,0,0,0,0,0,0,0,0,0,0,0,0,0,66.08,0,0,0,0,0,0,0,0,0,0,0,0,0,0,0,0,0,0,0,0,0,66.76,0,0,0,0,0,0,0,0,0,0,0,0,67.75,0,0,0,0,0,0,0,0,0,0,0,0,0,0,0,0,0,0,0,0,0,0,0,0,0,0,0,0,0,0,0,0,0,0,0,0,0,0,0,0,0,0,0,0,0
2582580615.fna,0,0,0,0,0,0,0,0,0,0,0,0,0,0,0,0,0,0,0,0,0,0,0,0,0,0,0,0,0,0,0,0,0,0,0,0,0,0,0,0,0,0,0,0,0,0,0,0,0,0,0,0,0,0,70.79,0,0,0,0,0,0,0,0,0,0,0,0,0,0,0,0,0,0,0,0,0,0,0,0,0,0,0,0,0,0,0,0,0,0,0,0,0,0,0,0,0,0,0,0,0,0,0,0,100,0,0,0,0,0,0,61.85,0,0,0,0,0,0,0,0,0,0,0,0,83.32,0,0,0,0,0,72.43,0,0,0,0,0,0,0,0,0,0,0,0,0,0,0,0,0,0,0,0,0,0,0,74.08,0,0,0,0,0,0,66.59,0,0,0,0,0,0,0,0,0,0,0,0,0,0,68.14,0,0,0,0,0,0,0,0,67.38,0,0,0,0,99.56,0,0,0,0,0,0,0,0,65.8,0,0,0,82.61,0,0
2582580616.fna,0,0,0,0,0,0,0,0,0,0,0,68.24,70.67,0,0,0,0,0,0,0,0,0,0,0,0,0,0,0,0,0,0,0,0,0,71.06,0,0,0,0,0,0,0,0,0,0,0,0,0,0,0,0,0,0,0,0,0,0,67.31,0,0,0,0,0,0,0,0,0,0,0,0,0,0,0,0,0,0,0,0,0,0,0,0,0,0,0,0,0,0,0,0,0,0,0,0,0,0,0,0,0,0,0,73.26,0,0,100,0,0,0,0,0,0,0,0,0,0,0,0,0,0,0,0,0,0,0,0,0,0,0,0,0,0,0,0,0,0,0,0,0,0,0,0,0,0,0,0,0,0,0,0,0,0,0,0,0,0,0,0,0,0,0,0,0,0,0,0,0,0,0,0,0,0,0,0,0,0,0,0,0,0,0,0,0,0,0,70.29,0,0,0,0,0,0,0,0,0,0,0,0,0,0,0,0,0,0,0,0
2582580617.fna,0,0,0,0,0,0,0,0,69.14,0,0,0,0,0,0,0,0,0,68.57,0,0,0,0,0,0,0,0,0,0,0,0,0,0,0,0,0,0,0,0,0,0,0,0,0,0,0,0,0,0,0,0,0,0,67.51,0,0,0,0,0,0,0,0,0,0,0,0,0,0,0,0,0,0,0,0,0,0,0,0,0,0,0,0,0,0,0,0,0,0,0,0,0,0,0,0,0,0,0,0,0,0,0,0,0,0,0,100,0,0,0,0,0,0,0,69.77,0,0,69.86,0,0,69.39,0,0,0,0,49.66,0,0,0,0,0,0,0,0,0,0,44.94,0,0,0,0,0,0,0,0,0,0,48.2,69.34,99.24,0,0,0,0,0,0,0,0,0,0,0,0,0,0,0,0,0,0,0,0,0,50.08,0,0,0,0,0,0,0,0,0,0,0,0,0,0,71.55,0,0,0,0,0,0,0,0,0,0,68.92,0,69.59,0,0,0,0,0,0
2582580620.fna,0,0,0,66.07,0,0,0,67.09,0,0,0,0,0,0,0,0,0,0,0,0,0,0,0,0,0,0,0,0,0,0,0,0,0,0,0,0,0,0,0,0,0,0,0,0,67.74,72.14,0,0,0,68.49,0,0,0,0,0,0,0,0,0,0,0,0,0,0,0,0,0,0,0,0,0,0,0,0,0,0,0,0,0,0,0,0,0,0,0,0,67.45,0,66.23,0,0,0,0,0,0,0,0,0,0,0,0,0,0,0,0,0,100,76.47,0,0,0,0,0,0,0,0,0,0,75.79,0,0,0,0,0,0,0,75.92,0,0,0,0,0,0,0,0,0,0,0,0,68.41,0,0,0,0,0,0,0,0,0,0,0,67.72,0,0,0,0,0,0,0,0,0,0,0,0,0,0,0,0,0,0,0,0,0,67.7,0,0,0,0,0,0,0,0,0,75.65,68.99,0,75.86,0,99.76,0,0,0,0,0,0,0,0,0,67.59,74.16,0,0,0,0,0
2582580621.fna,0,0,0,66.54,0,0,0,0,0,0,0,0,0,0,0,0,0,0,0,0,0,0,0,0,0,0,0,0,0,0,0,0,0,0,0,0,0,0,0,0,0,0,0,0,0,71.68,0,0,0,0,0,0,0,0,69.07,0,0,0,0,0,0,0,0,0,0,0,0,0,0,0,0,0,0,0,0,0,0,0,0,0,0,0,0,0,0,0,0,0,0,0,0,0,0,0,0,0,0,0,0,0,0,0,0,0,0,0,76.56,100,0,69.18,60.46,0,0,0,0,0,0,0,75.76,0,0,0,0,0,60.63,0,76.14,0,0,0,0,0,0,0,0,0,0,0,0,67.63,0,0,0,0,0,0,63.82,0,0,0,0,0,0,0,0,0,0,0,0,0,0,0,0,0,0,0,0,0,0,0,0,0,0,0,0,0,0,0,0,0,0,0,0,75.88,0,0,76.18,69.29,75.89,0,0,0,0,0,0,0,0,0,0,72.73,0,0,0,0,0
2582580622.fna,0,0,0,0,0,0,0,0,0,0,0,0,0,0,0,0,0,0,0,0,0,0,0,0,0,0,0,0,0,0,0,0,0,0,0,67.85,0,0,0,0,0,0,0,0,0,0,0,0,0,0,0,0,0,0,0,0,0,0,0,0,0,0,0,0,0,0,0,0,0,0,0,0,0,0,0,0,0,0,0,0,0,0,0,0,0,0,0,0,0,0,0,0,0,0,0,0,0,0,0,0,0,0,0,0,0,0,0,0,100,0,0,81.35,0,0,0,0,0,0,0,0,0,0,0,0,0,0,0,0,0,0,0,0,0,0,99.9,0,0,0,0,0,0,0,0,0,0,0,52.26,0,0,0,0,0,0,72.66,0,70.78,68.55,0,0,0,0,0,0,0,0,0,0,0,0,0,0,0,0,0,0,0,0,0,0,0,0,0,0,0,68.91,0,0,0,0,0,0,0,0,0,0,82.68,0,0,0,0,0,0,0,0,0
2582580623.fna,0,0,0,0,0,0,0,0,0,0,0,0,0,0,0,0,0,0,0,0,0,0,0,67.59,0,0,0,0,0,0,0,0,0,0,0,0,0,0,0,0,0,0,0,0,0,69.19,0,0,0,73.7,0,0,0,0,0,0,0,0,0,0,0,0,0,0,0,0,0,0,0,0,0,0,0,0,0,0,0,0,0,0,0,0,0,0,0,0,69.13,0,0,0,0,0,0,0,0,0,0,0,0,0,0,0,0,0,0,0,0,68.6,0,100,0,0,0,0,0,0,0,0,0,0,0,0,0,0,0,0,0,0,0,0,0,0,70.46,0,0,0,0,0,0,0,0,0,0,47.38,0,0,0,0,0,0,0,0,0,67.99,0,0,0,0,0,0,0,0,0,0,0,0,0,0,0,0,0,0,66.88,0,0,0,0,0,0,0,0,0,0,0,71.86,0,0,99.97,0,0,0,0,0,70.09,0,0,0,0,65.58,0,0,0,0,80.26,0
2582580624.fna,0,0,0,0,0,0,0,0,0,0,0,0,0,0,0,0,0,0,0,0,0,0,0,0,0,0,0,0,0,0,0,0,0,0,0,0,0,0,0,0,0,0,0,0,0,66.33,0,0,0,0,0,0,0,0,0,0,0,0,0,0,0,73.02,0,0,0,0,0,0,0,0,0,0,0,0,0,0,0,0,0,0,0,0,0,0,65.46,0,0,0,0,0,0,0,0,0,0,0,0,0,0,0,0,0,66.15,65.81,0,0,0,0,0,0,100,0,0,0,0,0,0,0,0,0,0,0,0,0,0,0,67.93,0,0,0,0,0,0,0,0,0,68.34,0,0,0,0,0,0,0,0,0,0,0,0,0,66.84,0,0,0,0,0,0,0,0,0,0,0,0,0,0,0,0,0,0,0,0,0,100,0,0,0,0,0,0,0,0,0,0,65.88,0,0,0,65.65,0,0,0,0,0,0,0,0,0,0,65.44,0,0,0,0,0,0
2582580625.fna,0,0,0,0,0,0,0,0,0,0,0,0,0,0,0,0,0,0,0,0,0,0,0,0,0,0,0,0,0,0,0,0,0,0,0,0,0,0,0,0,0,0,0,0,0,0,0,0,0,0,0,0,0,0,0,0,0,67.44,0,0,0,0,0,0,0,0,0,0,0,0,0,0,0,0,0,0,0,0,0,0,0,0,0,0,0,0,0,0,0,0,0,0,0,0,0,0,0,0,0,0,0,0,0,0,0,0,0,0,78.37,0,0,100,0,0,0,0,0,0,0,0,0,0,0,0,0,0,0,0,0,0,0,0,0,0,78.12,0,0,0,0,0,0,0,0,0,67.28,0,61.92,0,0,0,0,0,0,0,0,0,0,0,0,0,0,0,0,0,0,0,0,0,0,0,0,0,0,0,0,0,0,0,0,0,65.62,0,0,0,0,0,0,0,0,0,0,0,0,0,0,99.75,0,0,0,0,0,0,0,0,0
2582580627.fna,0,68.71,0,0,0,0,0,0,0,0,0,0,0,0,0,0,69.38,0,0,0,0,0,0,0,0,0,0,0,0,0,0,0,0,0,0,0,0,0,70.07,0,0,0,0,69.89,0,0,0,0,0,0,0,0,69.89,68.59,0,0,0,0,0,0,70.16,0,0,68.83,0,0,0,0,0,0,0,0,0,0,0,0,0,0,0,0,0,0,0,68.89,0,0,0,0,0,0,0,0,0,0,0,0,69.43,0,0,0,0,0,0,0,0,0,0,0,0,0,0,0,100,66.83,0,72.71,0,70.79,0,0,70.56,0,0,0,0,0,0,0,0,0,0,0,0,0,0,0,0,0,70.7,0,0,0,0,0,0,74.32,0,67.68,66.88,0,0,0,73.12,0,0,0,0,0,0,0,0,0,65.57,0,0,0,0,0,0,0,0,0,0,0,0,0,0,0,99.58,0,0,0,0,0,0,0,0,0,0,0,0,0,0,0,0,0,0,72.36,0,0,0,72.52,0,0,0
2582580628.fna,0,0,0,0,0,0,0,0,0,0,0,0,0,0,0,0,0,0,67.04,0,0,0,0,0,0,0,0,0,0,0,0,0,0,0,0,0,0,0,0,0,0,0,67.91,0,0,0,0,0,0,0,0,0,0,65.79,0,0,0,0,0,0,0,0,0,0,0,0,0,0,0,0,0,0,0,0,0,0,0,0,0,0,0,0,0,0,0,0,0,0,0,0,0,0,0,0,0,0,0,0,0,0,0,0,0,0,0,69.87,0,0,0,0,0,0,60.3,100,0,0,67.44,0,0,68.43,0,0,0,0,0,0,0,0,0,0,0,0,0,0,0,0,0,0,0,0,0,0,0,0,0,0,0,99.64,69.76,0,0,0,0,0,0,0,0,0,0,0,0,0,0,0,0,0,0,0,0,0,0,0,0,0,0,0,0,0,0,0,0,0,0,0,0,70.14,0,0,0,0,0,0,0,0,0,0,0,0,0,0,0,0,0,0,0
2582580629.fna,0,0,0,0,0,0,0,0,0,0,0,0,0,0,0,0,0,0,0,0,0,0,0,0,0,0,0,0,0,0,0,0,0,0,0,0,0,0,0,0,0,0,0,0,0,0,0,0,0,0,0,0,0,0,0,0,0,0,0,0,0,0,0,0,0,0,0,0,0,0,0,0,0,0,0,0,0,0,0,0,0,0,0,0,0,0,0,0,0,0,0,0,0,0,0,0,0,0,0,0,0,0,0,0,0,0,0,0,0,0,0,0,0,0,100,0,0,0,0,0,0,0,0,0,0,0,0,0,67.32,0,0,0,0,55.5,0,0,0,0,0,0,0,0,0,0,0,0,0,0,0,0,0,0,0,0,0,0,0,60.61,0,0,0,0,0,0,0,0,0,0,0,0,0,100,0,0,0,0,0,0,0,0,0,0,0,0,0,0,0,0,0,0,0,0,0,0,0,0,0,0,0,0,0,0,0,0,0
2582580630.fna,0,0,0,0,0,0,0,0,0,0,0,0,0,0,0,0,70.25,0,0,0,0,0,0,0,0,0,0,0,0,0,0,0,0,0,0,0,0,0,70.13,0,0,0,0,70.32,0,0,0,0,0,0,0,0,70.07,0,0,0,0,0,0,0,70.18,0,0,71.36,0,0,0,0,0,0,0,0,0,0,0,0,0,0,0,0,0,0,0,0,0,0,0,0,0,0,0,0,0,0,0,0,69.45,0,0,0,0,0,0,0,0,0,0,0,0,0,0,0,72.59,0,0,100,0,71.09,0,0,71.12,0,0,0,0,0,0,0,0,0,0,0,0,0,0,0,0,0,72.4,0,0,0,0,0,0,0,0,0,0,0,0,0,99.63,0,0,0,0,0,0,0,0,0,0,0,0,0,0,0,0,0,0,0,0,0,0,0,0,0,72.83,0,0,0,0,0,0,0,0,0,0,0,0,0,0,0,0,0,0,72.72,0,0,0,72.1,0,0,0
2582580631.fna,0,66.65,0,0,0,68.02,0,0,68.5,0,0,0,0,0,0,0,0,0,68.87,0,0,0,0,0,0,0,56.53,0,0,0,0,0,69.76,0,0,0,0,0,0,0,0,0,0,0,0,0,0,0,0,0,0,0,0,0,0,0,0,0,0,0,0,0,0,0,69.31,0,0,0,0,0,0,0,0,0,0,0,0,0,0,0,0,0,0,0,0,0,0,0,0,0,0,0,0,0,0,0,0,0,0,0,0,0,0,0,0,69.93,0,0,0,0,0,0,0,67.24,0,0,100,0,0,68.97,0,0,0,0,54.94,0,0,0,0,0,0,0,0,0,0,50.82,0,0,0,0,0,0,0,0,0,0,50.06,67.64,69.81,0,0,0,69.41,0,0,0,0,0,0,0,0,0,68.21,0,0,68.31,0,0,0,0,56.31,0,0,0,0,0,0,0,0,0,0,0,0,0,0,70.4,0,0,0,0,0,0,0,0,0,0,67.67,0,0,0,0,0,0,0,0
2582580632.fna,0,0,0,0,0,0,0,0,0,0,0,0,0,0,0,0,70.18,0,0,0,0,0,0,0,0,0,0,0,0,0,0,0,0,0,0,0,0,0,70.17,0,0,0,0,69.69,0,0,0,0,0,0,0,0,69.39,0,0,0,0,0,0,0,70.24,0,0,70.9,0,0,0,0,0,0,0,0,0,0,0,0,0,0,0,0,0,0,0,68.5,0,0,0,0,0,0,0,0,0,0,0,0,69.34,0,0,0,0,0,0,0,0,0,0,0,0,0,0,0,70.67,0,0,70.9,0,100,0,0,71.33,0,0,0,0,0,0,0,0,0,0,0,0,0,0,0,0,0,71.65,0,0,0,0,0,0,0,0,0,0,0,0,0,70.79,0,0,0,0,0,0,0,0,0,0,0,0,0,0,0,0,0,0,0,0,0,0,0,0,0,71.27,0,0,0,0,0,0,0,0,0,0,0,0,0,0,0,0,0,0,71.97,0,0,0,70.58,0,0,0
2582580633.fna,0,0,0,66.27,0,0,0,0,0,0,0,0,0,0,0,0,0,0,0,0,0,0,0,0,0,0,0,0,0,0,0,0,0,0,0,0,0,0,0,0,0,0,0,0,0,71.95,0,0,0,0,0,0,0,0,0,0,0,0,0,0,0,0,0,0,0,0,0,0,0,0,0,0,0,0,0,0,0,0,0,0,0,0,0,0,0,0,0,0,0,0,0,0,0,0,0,0,0,0,0,0,0,0,0,0,0,0,75.63,75.9,0,0,0,0,0,0,0,0,0,0,100,0,0,68.39,0,0,0,0,78.93,0,0,0,0,0,0,0,0,0,68.3,0,0,0,67.12,0,0,0,0,0,0,0,0,0,0,63.89,0,0,0,0,0,0,0,0,0,0,0,0,0,0,0,0,0,0,0,0,0,0,0,0,0,0,0,0,0,0,0,76,68.69,0,78.45,0,75.55,0,0,0,0,0,0,0,0,0,0,74.46,0,0,0,0,0
2582580634.fna,0,0,0,0,0,67.39,0,0,0,0,0,0,0,0,0,0,0,0,66.79,0,0,0,0,0,0,0,0,0,0,0,0,0,0,0,0,0,0,0,0,0,0,0,0,0,0,0,0,0,0,0,0,0,0,68.08,0,0,0,0,0,0,0,0,0,0,0,0,0,0,0,0,0,0,0,0,0,0,0,0,0,0,0,0,0,0,0,0,0,0,0,0,0,0,0,0,0,0,0,0,0,0,0,0,0,0,0,69.42,0,0,0,0,0,0,0,67.97,0,0,69,0,0,100,0,0,0,0,0,0,0,0,0,0,0,0,0,0,0,0,0,0,0,0,0,0,0,0,0,0,0,68.15,68.15,0,0,0,0,0,0,0,0,0,0,0,0,0,0,0,0,0,0,0,0,0,0,0,0,0,0,0,0,0,0,0,0,0,0,0,0,69.49,0,0,0,0,0,0,0,0,0,0,99.88,0,0,0,0,0,0,0,0
2582580635.fna,0,0,0,0,0,66.33,0,0,0,0,0,0,0,0,0,0,71.29,0,0,0,0,0,0,0,0,0,0,0,0,0,0,0,0,0,0,0,0,0,70.65,0,0,67.73,0,70.2,0,0,0,0,0,0,0,0,69.92,0,0,0,0,0,0,0,69.16,0,0,73.49,0,0,0,0,0,0,0,0,0,0,0,0,0,0,0,0,0,0,0,68.1,0,0,0,0,0,0,0,0,0,0,0,0,69.15,0,0,0,0,0,0,0,0,0,0,0,0,0,0,0,70.58,0,0,70.85,0,71.38,0,0,100,0,0,0,0,0,0,0,0,0,0,0,0,0,0,0,0,0,71.76,0,0,0,0,0,0,0,0,0,0,0,0,0,70.88,0,0,0,0,0,0,0,0,0,0,0,0,0,0,0,0,0,0,0,0,0,0,0,0,0,71.11,0,0,0,0,0,0,0,0,0,0,0,0,0,0,0,0,0,0,71.05,0,0,0,71.66,0,0,0
2582580637.fna,0,0,0,0,0,0,0,0,0,0,0,0,68.86,0,0,0,0,0,0,0,0,0,0,0,0,0,71.14,0,0,0,68.61,0,0,0,0,0,0,0,0,0,0,0,0,0,72.52,0,0,68.67,0,0,0,0,0,0,0,0,0,0,0,0,0,67.76,0,0,0,0,0,0,0,0,0,0,0,0,0,0,0,0,0,0,0,0,0,0,0,0,0,0,74.07,0,0,0,0,0,68.33,0,0,68.99,0,0,0,0,0,0,0,0,0,0,0,0,0,0,0,0,0,0,0,0,68.35,0,0,100,0,0,0,0,0,0,0,0,0,0,0,0,0,0,100,0,0,76.32,76.95,0,0,0,68.28,0,0,0,0,0,0,68.57,0,0,0,68.99,0,0,0,0,0,0,68.99,68.47,0,0,0,0,0,63.67,0,0,0,71.13,0,0,68.27,0,0,0,67.82,0,0,0,0,0,0,0,0,0,0,0,75.27,0,0,0,0,0,67.07,0,74.23,0,0,0,0
2582580638.fna,65.79,0,0,0,0,0,0,0,0,0,0,70.08,69.36,0,68.45,0,0,0,0,0,0,0,0,0,0,0,0,0,0,0,0,0,0,0,70.92,0,0,0,0,0,0,0,0,0,0,0,0,68.21,0,0,0,0,0,0,0,0,0,0,0,0,0,0,0,0,0,0,0,0,0,0,0,0,0,0,0,0,0,0,0,0,0,74.89,0,0,0,0,0,0,0,0,0,0,0,0,0,71.47,0,0,0,0,0,0,0,0,0,0,0,0,0,0,0,0,0,0,0,0,0,0,0,0,0,0,100,0,0,68.66,0,0,0,0,0,69.25,0,0,0,0,0,0,0,0,0,67.71,0,69.27,0,0,0,0,68.35,0,0,0,0,0,0,68.53,0,0,0,0,0,0,0,0,0,68.82,0,0,0,0,0,0,0,0,0,0,0,0,0,0,0,0,0,0,0,69.45,0,0,0,0,0,0,0,0,0,0,0,0,0,0,0,0,0,0,0
2582580639.fna,0,0,0,0,0,0,0,0,0,0,0,0,0,0,0,0,0,0,0,0,0,0,0,0,0,0,0,0,0,0,0,0,0,0,0,0,0,0,0,0,0,0,0,0,0,0,0,0,0,0,0,0,0,0,70.08,0,0,66.33,0,0,0,0,0,0,0,0,0,0,0,0,0,0,0,0,0,0,0,0,0,0,0,0,0,0,0,0,0,0,0,0,0,0,0,0,0,0,0,0,0,0,0,0,0,84.54,0,0,0,0,0,0,0,0,0,0,0,0,0,0,0,0,0,0,0,100,0,0,0,0,0,73.3,0,0,0,0,0,0,0,0,0,0,0,0,0,0,0,0,0,0,72.65,0,0,68.54,0,73.13,0,0,0,0,0,0,0,0,0,0,0,0,0,0,0,0,0,0,0,0,0,0,0,0,0,0,0,0,0,0,0,0,0,0,0,84.07,0,0,0,0,0,0,0,0,65.3,0,0,0,99.99,0,0
2582580640.fna,0,0,0,0,0,0,0,0,0,0,0,0,0,0,0,0,0,0,0,0,68.13,0,0,68.1,0,0,0,0,0,65.88,77.97,0,0,0,0,0,0,0,0,0,0,0,0,67.83,0,0,0,0,0,0,0,0,0,0,0,0,0,0,0,0,0,0,0,0,0,0,0,0,0,0,0,0,0,0,0,70.17,0,69.86,0,0,0,0,0,0,72.54,0,0,0,0,68.4,0,67.28,0,0,0,0,0,0,0,0,0,0,68.83,0,0,66.73,0,66,0,0,0,0,0,0,0,0,69.1,0,0,0,0,0,0,0,100,0,0,66.33,0,0,67.74,0,0,0,0,0,0,0,0,0,0,0,0,0,0,0,71.64,0,0,0,0,0,0,0,0,0,0,0,0,71.28,0,0,0,0,0,0,0,0,0,0,0,0,0,0,0,0,0,0,0,68.23,0,0,0,0,0,0,0,0,66.34,0,0,0,54.81,0,0,0,0,0,0,0,55.08,0,0,0,0
2582580641.fna,0,67.87,0,0,0,0,0,0,67.82,0,0,0,69.69,68.83,68.21,0,0,0,0,0,0,0,0,0,0,0,0,0,0,0,0,0,0,0,0,0,0,0,0,69.8,0,0,0,0,0,0,66.79,68.02,0,0,0,0,0,0,0,0,0,0,0,0,0,68.32,0,0,67.77,68.08,0,0,0,0,0,0,0,0,0,0,0,0,0,0,0,67.05,0,0,0,0,0,0,0,0,0,0,0,0,0,0,0,0,0,67.28,0,0,0,0,0,0,0,0,0,0,0,0,0,0,0,0,0,0,0,0,0,0,68.51,0,0,100,0,0,0,0,0,0,0,0,0,0,67.92,0,0,0,67.97,0,0,68.1,67.71,0,0,0,0,0,0,0,0,0,0,0,0,0,0,0,0,0,68.68,0,0,68.96,0,0,0,0,0,0,0,0,0,0,0,68.77,0,0,68.33,0,0,0,0,0,0,0,0,0,0,0,0,0,0,0,0,0,0,0,0,0,0,0,0
2582580642.fna,0,0,0,66.85,0,0,0,0,0,0,0,0,0,0,0,0,0,0,0,0,0,0,0,0,0,0,0,0,0,0,0,0,0,0,0,0,0,0,0,0,0,0,0,0,0,71.94,0,0,0,0,0,0,0,0,0,0,0,0,0,0,0,0,0,0,0,0,0,0,0,0,0,0,0,0,0,0,0,0,0,0,0,0,0,0,0,0,0,0,0,0,0,0,0,0,0,0,0,0,0,0,0,0,0,0,0,0,76.02,76.04,0,0,55.22,0,0,0,0,0,0,0,78.98,0,0,0,0,0,0,0,100,0,0,0,0,0,0,0,0,0,68.1,0,0,68.14,68.4,0,0,0,0,0,0,0,0,0,0,0,0,0,0,0,0,0,0,0,0,0,0,0,0,0,0,0,0,0,0,0,0,67.88,0,0,0,0,0,0,0,0,0,75.56,0,0,99.49,62.53,75.72,0,0,0,0,0,0,0,0,0,0,74.39,0,0,0,0,0
2582580643.fna,0,0,0,0,0,0,0,0,0,0,0,0,0,0,0,0,0,0,0,0,69.25,68.76,0,70.21,0,0,0,0,0,67.68,0,0,0,0,0,0,0,0,0,0,0,0,0,0,0,0,0,0,0,0,0,0,0,0,0,0,0,0,0,0,0,0,0,0,0,0,0,0,0,0,0,0,0,0,0,0,69.76,70.86,68.72,0,0,0,0,0,70.67,0,0,0,0,69.38,0,0,0,0,0,0,0,0,0,0,0,0,0,0,0,0,0,0,0,0,0,0,0,0,0,0,0,0,0,0,0,0,0,0,71.73,0,0,100,0,0,0,0,0,0,0,0,0,0,0,0,0,0,0,0,0,0,71.38,0,0,0,0,0,0,0,0,0,0,0,0,72.22,0,0,0,0,0,0,0,0,0,0,0,0,0,0,0,0,0,0,0,0,0,0,0,0,0,0,0,0,0,0,0,0,0,0,0,0,0,0,0,0,0,0,0,0,0
2582580644.fna,0,0,0,0,0,0,0,0,0,0,0,0,0,0,0,0,0,66.86,0,0,0,0,0,0,0,0,0,0,0,0,0,0,0,0,0,0,0,0,0,0,0,0,0,0,0,0,0,0,0,0,0,0,0,0,0,0,0,0,0,0,0,0,0,0,0,0,0,0,0,0,0,0,0,0,0,0,0,0,0,0,0,0,0,0,0,0,0,0,0,0,0,0,0,0,0,0,0,0,0,0,0,0,0,0,0,0,0,0,0,0,0,0,0,0,60.4,0,0,0,0,0,0,0,0,0,0,0,0,0,100,0,0,0,0,0,0,0,0,0,0,0,0,0,0,0,0,0,0,0,0,0,0,0,0,0,0,0,0,100,0,0,0,0,0,0,0,0,0,0,0,0,0,60.06,0,0,0,53.98,0,0,0,0,0,0,0,0,68.56,0,0,0,0,0,0,0,0,0,0,0,0,0,0,0,0,0,0,0,0
2582580646.fna,0,0,0,0,0,0,0,0,0,0,0,0,0,0,0,0,0,0,0,0,0,0,0,0,0,0,0,0,0,0,0,0,0,0,0,0,0,0,0,0,0,0,0,0,0,0,0,0,0,0,0,0,0,0,71.06,0,0,0,0,0,0,0,0,0,0,0,0,0,0,0,0,0,0,0,0,0,0,0,0,0,0,0,0,0,0,0,0,0,0,0,0,0,0,0,0,0,0,0,0,0,0,0,0,71.46,0,0,0,0,0,0,0,0,0,0,0,0,0,0,0,0,0,0,0,72.58,0,0,0,0,0,100,0,0,0,0,0,0,0,0,0,0,0,0,0,0,0,0,0,0,0,0,0,0,0,72.22,0,0,0,0,0,0,0,0,0,0,0,0,0,0,0,0,0,0,0,0,0,0,0,0,0,0,0,0,0,0,0,0,0,0,0,70.95,0,0,0,0,0,0,0,0,0,0,0,0,72.81,0,0
2582580647.fna,0,0,0,0,0,0,0,0,0,0,0,0,0,0,0,0,0,0,0,0,0,0,0,0,0,0,0,0,0,0,0,0,0,0,0,0,0,0,0,0,0,0,0,0,0,0,0,0,0,0,0,0,0,0,0,0,0,0,0,0,0,0,0,0,0,0,0,0,0,0,0,0,0,0,0,0,0,0,0,0,0,0,0,0,69.59,0,0,0,0,0,0,0,0,0,0,0,0,0,0,0,0,67.95,0,0,0,0,0,0,0,0,0,0,0,0,0,0,0,0,0,0,0,0,0,0,67.71,0,0,0,0,0,100,0,0,0,0,0,0,0,0,0,0,0,0,0,0,0,69.54,0,0,0,0,0,0,0,0,0,0,0,0,68.63,0,0,0,0,0,0,0,0,0,0,0,0,0,0,0,0,0,0,0,0,0,0,0,0,0,0,0,0,0,0,0,0,0,0,0,0,0,0,0,0,0,0,0,0,0
2582580648.fna,0,0,0,0,0,0,0,0,0,0,0,0,0,0,0,0,0,0,0,0,0,0,0,0,0,0,0,0,0,0,68.81,0,0,0,0,0,0,0,0,0,0,0,0,0,0,0,0,0,0,0,0,0,0,0,0,0,0,0,0,0,0,0,0,0,0,0,0,0,0,0,0,0,0,0,0,0,0,0,0,0,0,0,0,0,0,0,0,0,69.23,0,0,0,0,0,0,0,0,0,0,0,0,0,0,0,0,0,0,0,0,0,0,0,0,0,0,0,0,0,0,0,0,0,68.89,0,0,0,0,0,0,0,0,100,0,0,0,0,0,0,0,0,69.06,99.74,0,69.2,0,0,0,0,0,80.63,0,0,0,0,0,70.15,0,0,0,0,0,75.33,69.73,71.23,0,0,0,0,0,0,0,0,0,0,0,0,0,69.17,0,0,0,0,0,0,0,0,0,0,0,0,0,0,0,0,0,0,0,0,0,0,0,0,0,0,0
2582580649.fna,0,0,0,0,0,0,0,0,0,0,0,0,0,0,0,0,0,0,0,0,0,0,0,0,0,0,0,0,0,0,0,0,0,0,0,0,0,0,0,0,0,0,0,0,70.24,67.12,0,0,0,64.33,0,0,0,0,0,0,0,70.44,0,0,0,0,0,0,0,0,0,0,0,0,0,0,0,0,0,0,0,0,0,0,0,0,0,0,0,0,85.08,0,0,0,0,0,0,0,0,0,0,0,0,0,0,0,0,0,0,0,0,0,0,66.55,0,0,0,0,0,0,0,0,0,0,0,0,0,0,0,0,0,0,0,0,0,0,100,0,0,0,0,0,0,0,0,0,0,0,0,0,0,0,0,0,0,0,0,0,0,0,0,0,0,0,0,0,0,0,0,0,0,0,0,0,0,0,68.45,0,0,0,0,0,0,0,0,0,0,0,68.91,0,0,70.06,0,0,0,0,0,99.54,0,0,0,0,66.95,0,0,0,0,69.72,0
2582580650.fna,0,0,0,0,68.36,0,0,0,0,0,0,0,79.34,0,0,0,0,0,0,0,0,0,0,0,0,0,0,0,0,0,0,0,0,0,0,0,0,0,0,0,0,0,0,0,0,0,0,0,0,0,0,0,0,0,0,0,0,0,0,0,0,0,0,0,0,0,0,0,0,0,0,0,0,0,0,0,0,0,0,0,67.28,0,0,0,0,0,0,0,0,0,0,0,0,0,0,0,0,0,0,0,0,0,0,0,0,0,0,0,0,0,0,0,0,0,68.01,0,0,0,0,0,0,0,0,0,0,0,0,0,0,0,0,0,0,100,0,0,0,65.12,0,0,0,0,0,0,0,0,0,0,0,0,0,0,0,0,0,0,0,0,0,0,0,0,0,0,0,0,0,0,0,0,0,68.7,0,0,0,0,0,0,0,0,0,0,0,0,0,0,0,0,0,0,0,0,0,0,0,0,0,0,0,0,0,0,0,0,0
2582580651.fna,0,0,0,0,0,0,0,0,0,0,0,0,0,0,0,0,0,0,0,0,0,0,0,0,0,0,0,0,0,0,0,0,0,0,0,67.6,0,0,0,0,0,0,0,0,0,0,0,0,0,0,0,0,0,0,0,0,0,0,0,0,0,0,0,0,0,0,0,0,0,0,0,0,0,0,0,0,0,0,0,0,0,0,0,0,0,0,0,0,0,0,0,0,0,0,0,0,0,0,0,0,0,0,0,0,0,0,0,0,99.9,0,0,82.37,0,0,0,0,0,0,0,0,0,0,0,0,0,0,0,0,0,0,0,0,0,0,100,0,0,0,0,0,0,0,0,67.23,0,0,49.61,0,0,0,0,0,0,72.83,0,71.11,69.11,0,0,0,0,0,0,0,65.73,0,0,0,0,0,0,0,0,0,0,0,0,0,0,0,0,0,0,0,68.84,0,0,0,0,0,0,0,0,0,0,82.61,0,0,0,0,0,0,0,0,0
2582580652.fna,0,0,0,0,0,0,0,0,0,0,0,0,0,0,0,0,0,0,0,0,0,0,0,0,0,0,0,0,0,0,0,0,0,0,0,0,0,0,0,0,0,0,0,0,0,0,0,0,0,0,0,0,0,0,0,0,0,0,0,0,0,0,0,0,0,0,0,0,0,0,0,0,0,0,0,0,0,0,0,0,0,0,0,0,0,0,0,0,0,0,0,0,0,0,0,0,0,0,0,0,0,0,0,0,0,65.49,0,0,0,0,0,0,0,0,0,0,75.96,0,0,0,0,0,0,0,0,0,0,0,0,0,0,0,0,0,0,100,0,0,0,0,0,0,0,0,0,0,0,0,0,0,0,0,0,0,0,0,0,0,67.03,0,0,0,0,0,0,0,0,0,0,0,0,0,0,0,0,0,0,0,0,0,0,0,0,0,0,0,0,0,0,0,0,0,0,0,0,0,0,0,0,0,0,0,0,0,0
2582580653.fna,0,0,0,67.99,0,0,0,0,0,0,0,0,0,0,0,0,0,0,0,0,0,0,0,0,0,0,69.89,0,0,0,68.93,0,0,0,0,0,0,0,0,0,0,0,0,0,73.17,68.08,0,0,0,0,0,0,0,0,0,0,0,0,0,0,0,0,0,0,58.49,0,0,0,0,0,0,0,0,0,0,0,0,0,0,0,0,67.69,0,0,0,0,0,0,73.88,0,0,0,67.62,0,68.78,0,0,0,0,0,0,0,0,0,0,0,0,0,0,0,61.44,0,0,0,0,0,0,0,67.59,0,0,100,0,0,0,67.53,67.97,0,0,0,0,0,0,0,0,0,100,0,0,75.91,76.04,0,0,0,0,0,49.19,0,0,0,0,66.46,0,0,0,67.49,0,0,0,0,0,0,0,0,0,0,0,0,0,0,0,0,0,71.04,0,0,68.24,0,0,0,68.18,0,0,0,0,0,0,0,0,0,0,0,0,0,0,0,0,0,67.72,0,0,0,0,0,0
2582580654.fna,0,0,0,0,0,0,0,0,0,0,0,0,0,0,0,0,0,0,0,0,0,0,0,69.07,0,0,0,0,0,0,0,0,0,0,0,0,0,0,0,0,0,0,0,0,0,0,0,0,0,0,0,0,0,0,0,0,0,0,0,0,0,0,0,0,0,0,0,72.65,0,0,0,0,0,0,0,0,0,0,70.93,0,0,0,0,0,0,0,0,0,0,0,0,0,0,0,0,0,0,0,0,0,0,0,0,0,0,0,0,0,0,0,0,0,0,0,0,0,0,0,0,0,0,0,0,0,0,0,0,0,0,0,0,0,0,60.12,0,0,0,100,0,0,0,0,0,0,0,0,0,0,0,0,0,0,0,0,0,0,0,0,0,0,0,0,0,0,0,0,0,0,0,0,0,0,0,0,0,0,0,0,0,0,0,0,0,0,0,0,0,0,0,0,0,0,0,69.57,0,0,0,0,0,0,0,0,0,0,0
2582580657.fna,0,0,0,0,0,0,0,0,0,0,0,0,0,0,0,0,71.33,0,0,0,0,0,0,0,0,0,0,0,0,0,0,0,0,0,0,0,0,0,70.01,0,0,0,0,70.09,0,0,0,0,0,0,0,0,69.77,67.51,0,0,0,0,0,0,70.48,0,0,71.28,0,0,0,0,0,0,0,0,0,0,0,0,0,0,0,0,0,0,0,67.65,0,0,0,0,0,0,0,0,0,0,0,0,70.32,0,0,0,0,0,0,0,0,0,0,0,0,0,0,0,70.65,0,0,72.38,0,71.86,0,0,71.82,0,0,0,0,0,0,0,0,0,0,0,0,0,0,0,0,0,100,0,0,0,0,0,0,0,0,0,65.48,0,0,0,72.52,0,0,0,0,0,0,0,0,0,0,0,0,0,0,0,0,0,0,0,0,0,0,0,0,0,70.85,0,0,0,0,0,0,0,0,0,0,0,0,0,0,0,0,0,0,72.81,0,0,0,73.04,0,0,0
2582580658.fna,0,0,0,68.65,0,0,0,0,0,0,0,0,0,69.06,0,0,0,0,0,0,0,0,0,0,0,0,69.68,0,0,0,0,0,0,0,0,0,0,0,0,0,0,0,0,0,70.42,0,0,0,0,62.46,0,0,0,0,0,0,0,0,0,0,0,0,0,0,0,67.44,0,0,0,0,0,0,0,0,0,0,0,0,0,0,0,0,0,0,0,0,0,0,70.12,0,0,0,0,0,68.09,0,0,0,0,0,0,0,0,0,0,0,68.24,66.96,0,0,0,0,0,0,0,0,0,0,0,0,0,75.78,0,0,0,0,68.33,0,0,0,0,0,0,0,0,0,75.72,0,0,100,86.85,0,0,0,0,0,0,0,0,63.44,0,0,0,0,0,70.1,73.9,0,0,0,0,0,0,0,0,0,0,0,0,0,0,0,0,68.68,0,0,0,0,0,0,0,0,0,69.03,0,0,67.9,0,68.54,0,0,0,0,0,0,0,0,0,65.11,67.95,0,0,0,0,0
2582580659.fna,0,0,0,68.81,0,0,0,0,0,0,0,0,0,69.48,0,0,0,0,0,0,0,0,0,0,0,0,70.27,0,0,0,0,0,0,0,0,0,0,0,0,69.08,0,0,0,0,70.66,66.32,0,0,0,67.86,0,0,0,0,0,0,0,0,0,0,0,0,0,0,0,0,0,0,0,0,0,0,0,0,0,0,0,0,0,0,0,0,0,0,0,0,0,0,74.16,0,0,0,0,0,68.34,0,0,68.9,0,0,0,0,0,0,0,0,0,0,0,0,0,0,0,0,0,0,0,0,64.81,0,0,76.86,0,0,0,68.14,62.97,0,0,0,0,61.09,0,0,0,0,75.96,0,0,86.88,100,69.7,0,68.35,0,0,0,0,0,0,0,65.22,0,0,0,0,0,0,0,0,0,0,0,68.62,0,0,0,0,0,0,0,0,0,71.83,0,0,0,0,0,0,0,0,0,68.92,0,0,67.92,0,0,0,0,0,0,0,0,0,0,0,0,0,0,0,0,0,0
2582580662.fna,0,0,0,0,0,0,0,0,0,0,0,0,0,0,65.92,0,0,0,0,0,0,0,0,0,0,0,0,0,0,0,68.27,0,0,0,0,0,0,0,0,0,0,0,0,0,0,0,0,0,0,0,0,0,0,0,0,0,0,0,0,0,0,0,0,0,67.6,0,0,0,0,0,0,0,0,0,0,0,0,0,0,0,0,0,0,0,0,0,0,0,0,0,0,0,0,0,0,0,0,0,0,0,0,0,0,0,0,0,0,0,0,0,0,0,0,0,0,0,0,0,0,0,0,0,68.38,0,0,0,0,0,0,0,0,99.75,0,0,0,0,0,0,0,0,69.06,100,0,69.18,0,0,0,0,0,80.42,0,0,0,0,0,70.04,0,0,0,0,0,75.26,65.26,0,0,0,0,0,0,0,0,0,0,0,0,0,0,69.62,0,0,0,0,0,0,0,0,0,0,0,0,0,0,0,0,0,0,0,0,0,0,0,0,0,0,0
2582580663.fna,0,0,0,0,0,0,0,0,0,0,0,0,0,0,52.13,0,0,0,0,0,0,0,0,0,0,0,0,0,0,0,0,0,0,0,0,0,0,0,0,0,0,0,0,0,0,0,0,0,0,0,0,0,0,0,0,0,0,0,0,0,0,0,0,0,0,0,0,0,0,0,0,0,0,0,0,0,0,0,0,0,0,0,0,0,0,0,0,0,0,0,0,0,0,0,0,0,0,0,0,0,0,0,0,0,0,0,0,0,0,0,0,0,0,0,0,0,0,0,0,0,0,0,0,0,0,0,0,0,0,0,0,0,0,0,0,0,0,0,0,0,0,0,100,0,0,0,0,0,0,0,0,0,0,0,0,0,0,0,0,0,0,0,0,0,0,0,0,0,0,0,0,0,0,0,0,0,0,0,0,69.13,0,0,0,0,0,0,0,0,0,0,0,0,0,0,0,0,0,0,0,0,0,0,0,0,0
2582580664.fna,0,0,0,0,0,0,0,0,0,71.13,68.67,73.58,0,0,0,0,0,0,0,0,0,0,0,0,0,0,68.63,0,0,0,0,0,0,0,0,0,0,0,0,69.22,0,0,0,0,68.46,0,0,0,0,0,0,0,0,0,0,0,0,0,0,0,0,74.71,0,0,0,0,0,0,0,0,0,0,0,0,0,0,0,0,0,0,0,68.41,0,0,0,0,0,0,0,0,0,0,0,0,0,69.87,0,0,0,0,0,0,0,0,0,0,0,0,0,66.78,0,0,0,0,0,0,0,0,0,0,0,0,70.08,0,0,68.29,0,0,0,0,0,68.96,0,0,67.22,0,0,0,0,0,68.21,67.66,0,100,69.89,68.82,0,0,0,68.04,0,0,0,0,53.79,0,0,0,0,0,0,0,0,67.53,0,69.51,0,0,0,0,0,0,0,0,49.62,0,0,0,0,0,0,0,0,0,0,0,0,0,0,0,0,70.63,0,0,68.11,0,0,0,0,0,0,0,0,0,0
2582580665.fna,0,0,0,0,0,0,0,0,0,0,0,68.86,0,0,0,0,0,0,0,0,0,0,0,0,0,0,0,0,0,0,68.2,0,0,0,0,0,0,0,0,0,0,0,0,0,0,0,0,68.45,0,0,0,0,0,0,0,0,0,0,0,0,0,0,0,0,0,0,0,0,0,0,0,0,0,0,0,0,0,0,0,0,0,0,0,0,0,0,0,0,0,0,0,0,0,0,0,71.19,0,0,0,0,0,0,0,0,0,0,0,0,0,0,0,66.39,0,0,0,0,0,0,0,0,0,67.94,0,0,0,65.55,0,0,0,0,0,0,0,0,0,0,0,0,0,0,0,0,0,69.98,100,76.48,0,0,0,67.16,0,0,0,0,0,68.46,0,0,0,0,0,0,69.12,0,0,69.99,0,0,0,0,0,0,0,0,0,0,67.84,64.03,0,0,67.45,0,0,0,71.56,0,0,0,0,0,0,70.91,0,0,0,0,0,0,0,0,0,0,0,0,0
2582580668.fna,0,0,0,0,0,0,0,0,0,0,0,67.97,0,0,0,0,0,0,0,0,0,0,0,0,0,0,0,0,0,0,0,0,0,0,0,0,0,0,0,0,0,0,0,0,0,0,0,0,0,0,0,0,0,0,0,0,0,0,0,0,0,0,0,0,0,0,0,0,0,0,0,0,0,0,0,0,0,0,0,0,0,0,0,0,0,0,0,0,0,0,0,0,0,0,0,71.69,0,0,0,0,0,0,0,0,0,0,0,0,0,0,0,0,67.39,0,0,0,0,0,0,0,0,0,0,0,0,0,0,0,0,0,0,0,0,0,0,0,0,0,0,0,0,0,0,69.51,77.32,100,0,0,0,67.19,0,0,0,0,0,0,0,0,0,0,0,0,69.2,0,0,68.45,0,0,0,0,0,0,0,0,0,0,0,0,0,67.17,0,0,0,0,0,0,0,0,0,0,0,0,0,0,0,66.66,0,0,0,0,0,0,0,0,0
2582580669.fna,0,0,0,0,0,0,0,0,0,0,0,0,0,0,0,0,0,0,0,0,68.22,66.99,0,68.76,0,0,0,0,0,69.87,81.01,0,0,0,0,0,0,0,0,0,0,0,0,0,0,0,0,0,0,0,0,0,0,0,0,0,0,0,0,0,0,0,0,0,0,0,0,0,0,0,0,0,0,66.83,0,0,0,70.23,0,0,0,0,0,0,71.4,0,0,0,0,68.51,0,0,0,69.31,84.93,0,0,0,0,0,0,0,67.9,0,0,66.83,0,59.6,65.28,0,0,65.61,0,0,0,0,82.53,0,0,0,0,0,0,0,71.91,0,0,71.08,0,0,69.5,0,0,0,66.38,0,67.17,0,0,0,0,0,0,0,0,0,100,0,0,0,0,0,0,0,0,0,0,0,0,72.41,0,0,0,0,0,0,0,0,0,0,0,0,0,0,0,0,0,0,0,0,0,0,0,0,0,0,0,0,65.18,0,69.54,0,65.13,0,0,0,70.13,0,0,0,65.48,0,0,0,0
2582580670.fna,0,0,0,0,0,56.81,0,0,0,0,0,0,0,0,0,0,0,0,63.28,0,0,0,0,0,0,0,0,0,0,0,0,0,0,0,0,0,0,0,0,0,0,0,68.32,0,0,0,0,0,0,0,0,0,0,54.37,0,0,0,0,0,0,66.73,0,0,0,0,0,0,0,0,0,0,0,0,0,0,0,0,0,0,0,0,0,0,0,0,0,0,0,0,0,0,0,0,0,0,0,0,0,0,0,0,0,0,0,0,69.31,0,0,0,0,0,0,60.85,99.64,0,0,67.56,0,0,68.21,0,0,0,0,0,0,0,0,0,0,0,0,0,0,0,0,0,0,0,0,0,0,0,0,0,0,0,100,69.91,0,0,0,0,0,0,0,0,0,0,0,0,0,0,0,0,0,0,0,0,0,0,0,0,0,0,0,0,0,0,0,0,0,0,0,0,69.62,0,0,0,0,0,0,0,0,0,0,68.02,0,0,0,0,0,0,0,0
2582580671.fna,72.88,0,0,0,0,0,0,0,0,0,0,0,0,0,0,0,0,0,67.88,0,0,0,0,0,0,0,0,0,0,0,0,0,0,0,0,0,0,0,0,0,0,0,0,0,0,0,0,0,0,0,0,0,0,0,0,0,0,75.79,0,0,0,69.93,0,0,0,0,0,0,0,0,0,0,0,0,0,0,0,0,0,0,0,69.33,0,0,0,0,0,0,0,0,0,0,0,0,0,0,0,0,0,0,0,0,0,0,0,99.25,0,0,0,0,0,0,61.4,69.65,0,0,68.1,0,0,68.63,0,0,69.24,80.97,0,0,0,0,0,0,0,0,0,0,0,0,0,0,68.99,0,0,0,0,0,0,0,0,69.63,100,0,0,0,68.54,0,0,69.11,0,0,0,0,0,0,67.32,0,0,0,0,0,0,0,0,0,0,0,0,0,0,0,0,0,0,0,0,0,0,71.72,0,0,0,0,0,0,0,0,0,0,68.25,0,68.97,0,0,0,0,0,0
2582580672.fna,0,0,0,0,0,0,0,0,0,0,0,0,0,0,0,0,0,0,0,0,0,0,0,0,0,0,0,0,0,0,0,0,0,0,0,0,0,0,0,0,0,0,0,0,0,0,0,0,0,0,0,0,0,0,0,0,0,0,0,0,0,0,0,0,0,69.6,0,0,0,0,0,0,0,0,0,0,0,0,0,0,0,0,0,0,0,0,0,0,0,0,0,0,0,0,0,0,0,0,0,0,0,0,0,0,0,0,0,0,0,0,0,0,0,0,0,0,0,0,0,0,0,0,0,0,0,0,0,0,0,0,0,80.15,0,0,0,0,0,0,0,67.77,0,80.52,0,68.44,67.47,53.16,0,0,0,100,0,0,0,0,0,62.02,0,0,0,0,0,73.54,69.44,70.03,0,0,0,0,71.67,0,0,0,0,0,0,0,0,69.46,0,0,0,0,0,0,0,0,0,0,0,0,0,69.07,0,0,0,0,0,0,0,0,0,0,0,0,0
2582580673.fna,0,0,0,0,0,0,0,0,0,0,0,0,0,0,0,0,0,0,0,0,0,0,0,0,0,0,0,0,0,0,0,0,0,0,0,0,0,0,0,0,0,0,0,0,0,0,0,0,0,0,0,0,0,0,0,0,0,0,0,0,0,0,0,0,0,0,0,0,0,0,0,0,0,0,0,0,0,0,0,0,0,0,0,0,0,0,0,0,0,0,0,0,0,0,0,0,0,0,0,0,0,0,0,0,0,0,0,0,0,0,50.21,0,0,0,0,0,0,0,0,0,0,0,0,0,0,0,0,0,0,0,0,0,0,0,0,0,0,0,0,0,0,0,0,0,0,0,0,0,0,0,100,0,0,0,0,0,0,0,0,0,0,0,0,0,65.56,0,0,0,0,0,0,0,0,0,0,65.76,0,0,0,0,0,0,0,0,0,0,0,0,0,0,69.53,0,0,0,0,0,0,0,0,0,0,0,0,0,0
2582580674.fna,0,0,0,64.5,0,0,0,0,0,0,0,67.16,0,0,0,0,0,0,0,0,0,0,0,0,0,0,0,0,0,0,0,0,0,0,0,0,0,0,0,0,0,0,0,0,0,0,0,0,0,0,0,0,0,0,0,0,0,0,0,0,0,0,0,0,0,0,0,0,0,0,0,0,0,0,0,0,0,0,0,0,0,0,0,0,0,0,0,0,0,0,0,0,0,0,0,0,0,0,0,0,0,0,0,0,0,0,67.74,0,0,0,0,0,0,0,0,0,0,0,61.72,0,0,68.26,0,68.43,0,0,0,0,0,0,0,0,0,0,0,0,58.52,0,0,0,58.05,0,0,0,0,0,0,0,0,0,0,100,0,0,0,0,65.97,0,0,0,0,0,0,66.54,0,0,0,0,0,0,0,0,0,0,50.65,0,0,0,0,0,0,0,0,57.57,69.73,0,0,0,0,0,0,0,0,0,0,0,0,0,61.78,0,0,0,0,68.35,0
2582580675.fna,0,0,0,0,0,0,0,0,0,0,0,0,0,0,0,0,69.97,0,0,0,0,0,0,0,0,0,0,0,0,0,0,0,0,0,0,0,0,0,69.76,0,0,0,0,69.69,0,0,0,0,0,0,0,0,69.89,0,0,0,0,0,0,0,69.59,0,0,70.92,0,0,0,0,0,0,0,0,0,0,0,0,0,0,0,0,0,0,0,67.61,0,0,0,0,0,0,0,0,0,0,0,0,68.94,0,0,0,0,0,0,0,0,0,0,0,0,0,0,0,73.12,0,0,99.63,70.12,70.98,0,0,71.26,0,0,0,0,0,0,0,0,0,0,0,0,0,0,0,0,0,72.5,0,0,0,0,0,0,0,0,0,68.59,0,0,0,100,0,0,0,0,0,0,0,0,0,0,0,0,0,0,0,0,0,0,0,0,0,0,0,0,0,72.84,0,0,0,0,0,0,0,0,0,0,0,0,0,0,0,0,0,70.58,73.24,0,0,0,72.23,0,0,0
2582580677.fna,0,0,0,0,0,0,0,0,0,0,0,0,0,0,0,0,0,0,0,0,0,0,0,0,0,0,0,0,0,0,0,0,0,0,0,0,0,0,0,0,0,0,0,0,0,0,0,0,0,68.46,0,0,0,0,63.06,67.39,0,0,0,0,0,0,0,0,0,0,0,0,0,0,0,0,0,0,0,0,0,0,0,0,0,0,0,0,0,0,0,0,0,0,0,0,0,0,0,0,0,0,0,0,0,0,0,74.25,0,0,0,0,74.17,69.55,0,0,0,0,0,0,0,0,0,0,0,0,0,73.35,0,0,0,0,0,71.54,0,0,0,0,74.25,0,0,0,0,0,0,0,0,0,0,0,0,0,0,0,0,0,0,100,0,0,0,0,0,0,0,0,0,0,0,0,0,0,0,0,0,0,0,0,0,0,0,0,0,0,0,0,0,0,0,0,0,70.14,0,67.78,0,0,0,0,0,0,0,0,0,0,0,0,74.13,0,0
2582580679.fna,0,0,0,0,0,0,0,0,0,0,0,0,0,0,0,0,0,0,0,0,0,0,0,0,0,0,0,0,0,0,0,62.42,0,0,0,0,0,0,0,0,0,0,0,0,0,0,0,0,0,0,0,0,0,0,0,0,0,0,0,0,0,0,0,0,0,0,0,0,0,0,0,0,0,0,0,0,0,0,0,0,0,0,0,0,0,0,0,0,0,0,0,0,0,0,0,0,0,0,0,0,0,0,0,0,0,0,0,0,0,0,0,0,0,0,0,0,0,0,0,0,0,0,0,0,0,0,0,0,0,0,0,0,0,0,0,0,0,0,0,0,0,0,0,73.83,0,0,0,0,0,0,0,0,0,0,100,0,0,0,0,0,0,0,0,0,0,0,0,62.35,71.81,0,0,0,0,0,72.33,0,0,0,0,71.1,0,0,0,0,0,0,0,0,0,0,0,0,0,0,0,0,0,0,0,0,0,0,0,0,0
2582580680.fna,0,69.92,0,0,0,0,0,0,67.56,0,0,0,0,0,68.4,0,0,0,0,0,0,0,0,0,0,0,67.59,0,0,0,70.11,0,68.21,0,0,0,0,0,0,0,0,0,0,0,69.64,0,0,68.38,0,0,0,0,0,0,0,0,0,0,0,0,0,69.49,0,0,0,0,0,0,0,0,0,0,0,0,0,0,0,0,0,0,0,69.19,0,0,0,0,0,0,0,0,0,0,0,0,70.79,0,0,0,0,0,0,0,0,0,0,0,0,0,70.49,0,0,0,0,0,0,0,0,0,0,0,0,68.75,69.21,0,0,0,0,0,0,0,0,67.73,0,0,70.45,0,68.82,0,0,68.23,0,70.09,0,0,68.17,0,0,0,67.67,69.02,0,0,0,0,0,100,0,0,0,0,0,0,69.97,68.7,0,69.64,0,0,0,0,0,0,0,0,0,0,0,0,0,0,0,0,0,0,0,65.62,0,0,0,0,0,0,0,0,0,0,68.32,72.27,0,0,0,0,0,0,0
2582580682.fna,0,0,0,0,0,0,0,0,0,0,0,0,0,0,0,0,0,0,0,0,0,0,0,0,0,0,0,0,0,0,0,0,0,0,0,0,0,0,0,0,0,0,0,0,0,0,0,0,0,0,0,0,0,0,0,0,0,0,0,0,0,0,0,0,0,0,0,0,0,0,0,0,0,0,0,0,0,0,0,0,0,0,0,0,0,69.65,0,0,0,0,0,0,0,0,0,0,0,0,0,0,0,0,0,0,0,0,0,0,67.88,0,0,0,0,0,0,0,0,0,0,0,0,0,0,0,0,0,0,0,0,0,0,0,0,0,68.98,0,0,0,0,68.68,0,0,0,0,0,0,0,0,0,0,0,65.67,0,0,0,0,100,0,0,0,0,0,0,0,0,0,0,0,0,0,0,0,0,0,0,0,0,0,0,0,0,0,0,0,0,0,0,0,0,0,0,67.1,0,0,0,0,0,0,0,0,0,0,0,0,0
2582580683.fna,0,0,0,0,0,0,0,0,0,0,0,0,0,0,0,0,0,66.86,0,0,0,0,0,0,0,0,0,0,0,0,0,0,0,0,0,0,0,0,0,0,0,0,0,0,0,0,0,0,0,0,0,0,0,0,0,0,0,0,0,0,0,0,0,0,0,0,0,0,0,0,0,0,0,0,0,0,0,0,0,0,0,0,0,0,0,0,0,0,0,0,0,0,0,0,0,0,0,0,0,0,0,0,0,0,0,0,0,0,0,0,0,0,0,0,61.13,0,0,0,0,0,0,0,0,0,0,0,0,0,100,0,0,0,0,0,0,0,0,0,0,0,0,0,0,0,0,0,0,0,0,0,0,0,0,0,0,0,0,100,0,0,0,0,0,0,0,0,0,0,0,0,0,60.67,0,0,0,0,0,0,0,0,0,0,0,0,68.56,0,0,0,0,0,0,0,0,0,0,0,0,0,0,0,0,0,0,0,0
2582580684.fna,0,0,0,0,0,0,0,0,0,0,0,0,0,0,0,0,0,0,0,0,0,0,0,0,0,0,0,0,0,0,0,0,0,0,0,0,0,0,0,0,0,0,0,0,0,0,0,0,0,0,0,0,0,0,0,0,0,0,0,0,0,0,0,0,0,0,0,0,0,0,0,0,0,0,0,0,0,0,0,0,0,0,0,0,0,0,0,0,0,0,0,0,0,0,0,0,0,0,0,0,0,0,0,0,0,0,0,0,0,0,0,0,0,0,0,0,0,0,0,0,0,0,0,0,0,0,0,0,0,0,0,0,0,0,0,47.73,0,0,0,0,0,0,0,0,0,0,0,0,0,0,0,0,0,0,0,0,0,0,100,0,0,0,0,0,0,65.67,0,0,0,0,0,0,0,0,0,0,0,0,0,0,0,0,0,0,0,0,0,0,0,0,0,0,0,0,63.21,0,0,0,0,0,0,0,0,0,0
2582580685.fna,0,0,0,0,0,0,0,0,0,0,0,0,0,0,0,0,0,0,0,0,62.16,66.47,0,64.8,0,0,0,0,0,66.16,0,0,0,0,0,0,0,0,0,0,0,0,0,0,0,0,0,0,0,0,0,68.68,0,0,0,0,0,0,0,0,0,0,0,0,0,0,0,0,0,0,0,0,0,0,0,68.27,68.83,69.38,68.39,0,0,0,0,0,71.33,68.19,0,0,0,64.47,0,0,0,61.58,0,0,0,0,66.03,0,0,64.7,69.32,0,0,0,0,0,0,0,0,0,0,0,0,0,0,0,0,0,0,0,0,0,71.13,0,0,70.87,0,0,68.78,0,0,0,0,0,0,0,0,0,0,0,0,0,0,0,72.55,0,0,0,0,0,0,0,0,0,0,0,0,100,0,0,0,0,67.32,0,0,0,0,0,0,0,0,0,0,0,0,0,0,0,0,0,0,0,0,0,0,0,0,0,0,0,0,0,0,0,0,0,0,0,0,0,0,0,0
2582580686.fna,0,0,0,0,0,0,0,0,0,0,0,0,0,0,0,0,0,0,0,0,0,0,0,0,0,0,0,0,0,0,0,0,0,0,0,0,0,0,0,0,0,0,0,0,0,0,0,0,0,0,0,0,0,0,0,0,0,0,0,0,0,0,0,0,0,0,0,0,0,0,0,0,0,0,0,0,0,0,0,0,0,0,0,0,0,0,0,0,0,0,0,0,0,0,0,0,0,0,0,0,0,0,0,66.39,0,0,0,0,0,0,0,0,0,0,0,0,0,0,0,0,0,0,0,0,0,0,0,0,0,0,0,0,0,0,0,0,0,0,0,0,0,0,0,0,0,0,0,0,0,0,0,0,0,0,0,0,0,0,0,0,100,0,0,0,0,0,0,0,0,0,0,0,0,0,0,0,0,0,0,0,0,0,0,0,0,0,0,0,0,0,0,0,0,0,0,0,0,0,0,0,0,0,0,0,0
2582580687.fna,0,0,0,0,0,0,0,0,0,0,0,0,0,0,0,0,0,0,0,0,0,0,0,0,0,0,0,0,0,0,69.81,0,0,0,0,0,0,0,0,0,0,0,0,0,0,0,0,0,0,0,0,0,0,0,0,0,0,0,0,0,0,0,0,0,0,0,0,0,0,0,0,0,0,0,0,0,0,0,0,0,0,0,0,0,0,0,0,0,0,0,0,0,0,0,0,0,0,0,0,0,0,0,0,0,0,0,0,0,0,0,0,0,0,0,0,0,0,0,0,0,0,0,0,0,0,0,0,0,0,0,0,74.71,0,0,0,0,0,0,0,0,0,72.66,0,0,0,0,0,0,0,75.06,0,0,0,0,0,0,0,0,0,0,0,100,68.52,69.84,0,0,0,0,0,0,0,0,84.64,0,0,0,0,68.72,0,0,0,0,0,0,0,68.24,0,0,0,0,0,0,0,0,0,0,0,0,0,0,0,0,0,0,0
2582580688.fna,0,0,0,0,0,0,0,0,0,0,0,70.32,70.08,0,0,0,0,0,0,0,0,0,0,0,0,0,67.82,0,0,0,68.6,0,0,0,71.47,0,0,0,0,0,0,0,0,0,69.32,0,0,69.19,0,0,0,0,0,0,0,0,0,0,0,0,0,70.45,0,0,0,0,0,0,0,0,0,0,0,0,0,0,0,0,0,0,0,69.07,0,0,0,0,0,0,68.51,0,0,0,68.98,0,69.71,69.93,0,0,0,0,0,0,0,0,0,0,0,0,0,0,0,0,52.09,0,0,0,68.44,0,0,0,0,69,0,0,0,69.01,0,0,0,0,0,69.83,0,0,0,0,0,0,0,0,0,65,0,0,69.36,69.12,0,0,68.14,69.23,0,0,0,0,0,69.89,0,0,0,0,0,69.38,100,0,0,69.5,0,0,0,0,0,0,0,0,0,0,67.91,0,0,0,0,0,0,0,0,68.56,0,0,0,0,0,0,68.48,0,0,0,0,0,0,0,68.38,0,0,0,0
2582580689.fna,0,0,0,0,0,0,0,0,0,0,0,0,0,0,0,0,0,0,0,0,0,0,0,0,0,0,0,0,0,0,0,0,0,0,0,0,0,0,0,0,0,0,65.87,0,69.33,0,0,0,0,0,0,0,0,0,0,0,0,0,0,0,0,0,0,0,0,0,0,0,0,0,0,0,0,0,0,0,0,0,0,0,0,0,0,0,0,0,0,0,0,0,0,0,0,0,0,0,0,0,0,0,0,0,0,0,0,0,0,0,0,0,0,0,0,0,0,0,0,0,0,0,0,68.94,0,0,0,0,0,0,0,0,0,71.41,0,0,0,0,0,0,0,0,68.23,0,0,67.36,0,0,0,0,0,70.28,0,65.95,0,0,0,69.37,0,0,0,0,0,69.78,0,100,0,0,0,0,0,0,0,0,0,0,0,0,0,0,0,0,0,0,0,0,0,0,0,77.12,0,0,0,0,0,0,0,0,0,0,0,0,0,0,0,0,0
2582580690.fna,0,0,0,0,0,0,0,0,0,0,0,0,0,0,0,70.78,0,0,0,0,0,0,0,67.18,0,0,0,0,0,0,0,68.17,0,0,0,0,0,75.92,0,0,0,0,0,0,0,0,0,0,0,0,0,0,0,0,0,0,0,0,0,0,0,0,0,0,0,0,0,0,0,0,0,0,0,0,0,68.84,0,0,0,0,74.74,0,0,0,0,69.28,0,69.11,0,0,0,0,0,0,0,0,0,0,0,0,0,0,0,0,0,0,0,0,0,0,0,0,0,0,0,0,0,0,0,0,0,0,0,0,0,0,0,0,0,0,0,0,0,0,67.12,0,0,0,0,0,0,0,0,0,0,0,0,0,0,0,65.9,0,0,0,0,0,0,0,0,67.27,0,0,0,0,100,0,0,0,0,0,0,0,0,0,0,0,0,0,0,0,0,0,0,0,0,0,0,0,0,0,0,0,0,0,0,0,0,0,0,0,0,0,0,0,0
2582580691.fna,0,0,0,0,0,0,0,0,0,0,0,0,0,0,0,0,0,0,0,0,0,0,0,0,0,0,68.14,0,0,0,0,0,0,0,69.79,67.41,0,0,0,0,0,0,0,0,0,0,0,68.55,0,0,0,0,0,0,0,0,0,0,0,0,0,0,0,0,0,0,0,0,0,0,0,0,0,0,0,0,0,0,0,0,0,0,0,0,0,0,0,0,0,0,0,0,0,0,0,70.14,0,0,0,0,0,0,0,0,0,0,0,0,0,0,0,0,0,0,0,0,68.1,0,0,0,0,0,68.63,0,0,69.12,0,0,0,0,0,0,0,0,0,0,0,0,0,0,0,0,0,69.66,71.19,68.58,0,0,0,0,0,0,0,0,0,69.42,0,0,65.51,0,0,0,69.48,0,0,100,0,0,0,0,0,0,0,0,0,0,0,0,0,0,0,0,0,0,0,0,0,0,0,0,0,70.25,0,0,0,0,0,0,0,0,0,0,0,0,0
2582580692.fna,0,0,0,0,0,0,0,0,0,0,0,0,0,0,0,67.54,0,0,0,0,0,0,0,0,0,0,0,0,0,0,0,0,0,0,0,0,0,0,0,0,0,0,0,0,0,0,0,0,0,0,0,0,0,0,0,0,0,0,0,0,0,0,0,0,0,0,0,0,0,0,0,0,0,0,0,0,0,0,0,0,68.6,0,0,0,0,67.05,0,0,0,0,0,0,0,0,0,0,0,0,0,0,0,0,0,0,0,0,0,0,0,0,0,0,0,0,0,0,0,0,0,0,0,0,0,0,0,0,0,0,0,0,0,0,0,0,0,0,0,0,0,0,0,0,0,0,0,0,0,0,0,0,0,0,0,0,0,0,0,0,0,0,0,0,0,0,0,0,100,0,0,0,0,0,0,0,0,71.11,0,0,0,0,0,74.29,0,0,0,0,0,0,0,0,0,0,0,0,0,0,0,0,0,0,0,0,0,0,0
2582580693.fna,0,0,0,0,0,0,0,0,0,0,0,0,0,0,0,0,0,0,0,0,0,0,0,0,0,0,0,0,0,66.89,0,0,0,0,0,0,0,0,0,0,0,0,0,0,0,0,0,0,0,0,0,0,0,0,0,0,0,0,0,0,0,0,0,0,0,0,0,0,0,0,0,0,0,0,0,0,0,0,0,0,0,0,0,0,0,0,0,0,0,0,0,0,0,0,0,0,0,0,47.19,0,0,0,0,0,0,0,0,0,0,0,0,0,0,0,0,0,0,0,0,0,0,0,0,0,0,0,0,0,0,0,0,0,0,0,0,0,0,0,0,0,0,0,0,0,0,0,0,0,0,0,0,0,0,0,61.13,0,0,0,0,0,0,0,0,0,0,0,0,100,0,0,0,0,0,0,66.77,0,0,0,0,0,0,0,0,0,0,0,0,0,0,0,0,0,0,0,0,0,0,0,0,0,0,0,0,0,0
2582580694.fna,0,0,0,0,0,0,0,0,0,0,0,0,0,0,0,0,0,0,0,0,0,0,0,0,0,0,0,0,0,0,0,0,0,0,0,0,0,0,0,0,0,0,0,0,0,0,0,0,0,0,0,0,0,0,0,0,0,0,0,0,0,0,0,0,0,0,0,0,0,0,0,0,0,0,0,0,0,0,0,0,0,0,0,0,0,0,0,0,0,0,0,0,0,0,0,0,0,0,0,0,0,0,0,0,0,0,0,0,0,0,0,0,0,0,0,0,0,0,0,0,0,0,0,0,0,0,0,0,0,0,0,0,0,0,0,0,0,0,0,0,0,0,0,0,0,0,0,0,0,66.26,0,0,0,0,49.43,0,0,0,0,0,0,0,0,0,0,0,0,0,100,0,0,0,0,0,0,66.18,0,0,0,0,0,0,0,0,0,0,0,0,0,0,0,0,0,0,0,0,0,0,0,0,0,0,0,0,0
2582580695.fna,0,0,0,0,0,0,0,0,0,0,0,0,0,0,0,0,0,0,0,0,0,0,0,0,0,0,0,0,0,0,0,0,0,0,0,0,0,0,0,0,0,0,0,0,0,0,0,0,0,0,0,0,0,0,0,0,0,0,0,0,0,0,0,0,0,0,0,0,0,0,0,0,0,0,0,0,0,0,0,0,0,0,0,0,0,0,0,0,0,0,0,0,0,0,0,0,0,0,0,71.5,0,0,0,0,0,0,0,0,0,0,0,0,0,0,0,0,0,0,0,0,0,69.5,0,0,0,0,0,0,0,0,0,0,0,0,0,0,0,0,0,0,0,0,0,0,0,0,0,0,0,0,0,0,0,0,0,0,0,0,0,0,0,0,0,0,0,0,0,0,0,100,65.4,0,0,0,0,0,0,0,0,0,0,0,0,0,0,0,0,0,0,0,0,0,0,0,0,0,0,0,0,0,0,0,0,0,0
2582580697.fna,0,0,0,0,0,0,0,0,0,0,0,0,0,0,0,0,0,0,0,0,0,0,0,0,0,0,0,0,0,0,0,0,0,0,0,0,0,0,0,0,0,0,0,0,0,0,0,0,65.57,0,0,0,0,0,0,0,0,0,0,0,67.97,0,0,0,0,0,0,0,0,0,0,0,0,0,0,0,65.58,0,66.32,0,0,0,0,0,0,0,0,0,0,0,0,0,0,0,0,0,0,0,0,0,0,0,0,0,0,66.29,0,0,0,0,0,0,0,0,0,0,68.23,0,0,0,0,0,0,0,0,0,0,0,0,0,0,0,0,0,0,0,0,0,0,0,0,0,0,0,0,0,0,0,0,0,0,0,0,0,0,0,0,0,0,0,0,0,0,0,0,0,0,0,0,63.17,100,0,0,0,0,0,0,0,0,0,0,0,0,0,0,0,0,0,0,0,0,0,0,0,0,0,73.54,0,0,0,0,0,0,0,0
2582580698.fna,0,0,0,0,0,0,0,0,0,0,0,0,0,0,0,0,0,0,0,0,0,0,0,0,0,0,0,0,0,0,0,0,0,0,0,0,0,0,0,0,0,0,0,0,0,0,0,0,0,0,0,0,0,0,0,0,0,0,0,0,0,0,0,0,0,0,0,0,0,0,0,0,0,0,0,0,0,0,0,0,0,0,0,0,0,0,0,0,0,0,0,0,0,0,0,0,0,0,0,0,0,0,0,0,0,0,0,0,0,0,0,0,0,0,100,0,0,0,0,0,0,0,0,0,0,0,0,0,66.24,0,0,0,0,54.91,0,0,0,0,0,0,0,0,0,0,0,0,0,0,0,0,0,0,0,0,0,0,0,58.09,0,0,0,0,0,0,0,0,0,0,0,0,0,100,0,0,0,0,0,0,0,0,0,0,0,0,0,0,0,0,0,0,0,0,0,0,0,0,0,0,0,0,0,0,0,0,0
2582580699.fna,0,0,0,0,0,0,0,0,0,0,0,0,0,0,0,0,0,0,0,0,0,0,0,0,0,0,0,0,0,0,0,0,0,0,0,0,0,0,0,0,0,0,0,0,0,0,0,0,0,0,0,0,0,0,0,0,0,0,0,0,0,0,0,0,0,0,0,0,0,0,0,0,0,0,0,0,0,0,0,0,0,0,0,0,0,0,0,0,0,0,0,0,0,0,0,0,0,0,69.36,0,0,0,0,0,0,0,0,0,0,66.98,100,0,0,0,0,0,0,0,0,0,0,0,0,0,0,0,0,0,0,0,0,0,66.12,0,0,0,0,0,0,0,0,0,0,0,0,0,0,0,0,0,0,0,0,0,0,0,0,0,0,0,0,78.68,0,0,0,0,0,0,0,0,0,0,100,0,0,0,0,0,0,0,0,0,0,0,0,0,0,0,0,0,0,0,0,0,0,0,0,0,0,0,0,0,0,0,0
2582580700.fna,0,0,0,68.42,0,0,0,0,0,0,0,0,0,0,0,0,0,0,0,0,0,0,0,0,0,0,69.26,0,0,0,69.52,0,0,0,0,0,0,0,0,0,0,0,0,0,69.08,68.82,0,0,0,0,0,0,0,0,0,0,0,0,0,0,0,0,0,0,0,0,0,0,0,0,0,0,0,0,0,0,0,0,0,0,0,0,0,0,0,0,0,0,70.18,0,0,0,0,0,0,0,0,0,0,0,0,0,0,0,0,0,67.64,0,0,0,0,0,0,0,0,0,0,0,0,0,0,70.91,0,0,0,0,68.11,0,0,0,0,0,0,0,0,0,71.41,0,0,71.4,71.96,0,0,0,0,0,0,0,0,0,0,0,0,0,0,0,0,0,0,0,0,0,0,0,0,0,0,0,0,0,0,0,0,100,0,0,0,0,0,0,0,0,0,0,0,0,0,0,0,0,0,0,0,0,0,0,0,0,0,0,0,0,0,0,0
2582580701.fna,0,0,0,0,0,0,0,0,0,0,0,0,0,0,0,0,0,0,0,0,0,0,0,0,0,0,0,0,0,0,0,0,0,0,0,0,0,0,0,0,0,0,0,0,0,0,0,0,0,0,0,0,0,0,0,0,0,0,0,0,0,0,0,0,0,0,0,0,0,0,0,0,0,0,0,0,0,0,0,0,0,78.33,0,0,0,0,0,0,0,0,0,0,0,0,0,0,0,0,0,0,0,0,0,0,0,0,0,0,0,0,0,0,0,0,0,0,0,0,0,0,0,0,0,0,0,0,0,0,0,0,0,0,0,0,0,0,0,0,0,0,0,0,0,76.74,0,0,0,0,0,0,0,49.7,0,0,65.36,0,0,0,0,0,0,0,0,0,0,0,0,61.24,0,0,0,0,0,0,100,0,0,0,0,0,0,0,0,0,0,0,0,0,0,0,0,0,0,0,0,0,0,0,0,0,0,0,0,0,0
2582580702.fna,0,0,0,0,0,0,0,0,0,0,0,0,0,0,0,0,0,0,0,0,0,0,0,0,0,0,0,0,0,0,0,0,0,0,0,0,0,0,0,0,0,0,0,0,0,0,0,0,0,0,0,0,0,0,0,0,0,0,0,0,0,0,0,0,0,0,0,0,67.39,0,0,0,0,0,0,0,0,0,0,0,0,0,0,0,0,0,0,0,0,0,0,0,0,0,0,0,0,0,0,0,0,0,0,68.87,0,0,0,0,0,0,0,0,0,0,0,0,0,0,0,0,0,0,0,0,0,0,0,0,67.01,0,0,0,0,0,0,0,0,0,0,0,0,0,0,0,0,0,0,0,0,0,66.02,0,0,0,0,0,0,0,0,0,0,0,0,0,0,0,70.77,0,68.5,0,0,0,0,0,0,100,0,0,0,0,0,69.13,0,0,0,0,0,0,0,0,0,0,0,0,0,0,0,0,0,0,0,0,0,0,0
2582580703.fna,0,0,0,0,0,0,0,0,0,0,0,0,68.65,0,0,0,0,0,0,0,0,0,0,0,0,0,0,0,0,0,68.16,0,0,0,0,0,0,0,0,0,0,0,0,0,68.73,0,0,0,0,0,0,0,0,0,0,0,0,0,0,0,0,0,0,0,0,0,0,0,0,0,0,0,0,0,0,0,0,0,0,0,0,0,0,0,0,0,0,0,0,0,0,0,0,0,0,0,0,0,0,0,0,0,0,0,0,0,0,0,0,0,0,0,0,0,0,0,0,0,0,0,0,67.98,0,0,0,0,0,0,0,0,0,0,0,0,0,0,68.13,0,0,0,0,0,0,0,67.99,0,0,0,0,0,0,0,0,0,0,0,0,0,0,0,0,0,67.17,0,0,0,0,0,0,0,0,0,0,0,0,0,100,0,0,0,67.79,0,0,0,0,68.1,0,0,0,0,0,0,0,0,0,0,0,0,0,0,0,0,0,0,0
2582580704.fna,0,70.74,0,0,0,0,0,0,0,0,0,0,0,0,0,0,0,0,0,0,0,0,0,0,0,0,0,0,0,0,0,0,70.82,0,0,0,0,0,0,0,0,0,0,0,68,0,0,0,0,0,0,0,0,0,0,0,0,0,0,0,0,0,0,0,0,0,0,0,0,0,0,0,0,0,0,0,0,0,0,0,0,0,0,0,0,0,0,0,0,0,0,0,0,0,0,0,0,0,0,0,0,0,0,0,0,0,0,0,0,0,0,0,0,0,0,0,0,0,0,0,0,0,0,0,0,68.11,0,0,0,0,0,69.68,0,0,0,0,0,0,0,0,0,68.44,0,0,60.03,0,0,0,0,68,0,0,0,0,0,0,0,0,0,0,0,63.24,0,0,0,0,0,0,0,0,0,0,0,0,0,0,0,100,0,0,0,0,0,0,0,0,0,0,0,0,0,0,0,0,0,0,0,0,0,0,0,0,0,0,0
2582580705.fna,0,67.67,0,0,0,0,0,0,0,0,0,0,0,0,0,0,69.73,0,0,0,0,0,0,0,0,0,0,66.05,73.08,0,0,0,0,0,0,0,0,0,70.18,0,0,0,0,69.64,0,0,0,0,0,0,0,0,69.9,67.47,0,0,0,0,0,0,70.34,0,0,68.68,0,0,0,0,0,0,0,0,0,0,0,0,0,0,0,0,0,0,0,67.45,0,0,0,0,0,0,0,0,0,0,0,0,68.95,0,0,0,0,0,0,0,0,0,0,0,0,0,0,0,99.59,0,0,72.82,0,71.11,0,0,71.19,0,0,0,0,0,0,0,0,0,0,0,0,0,0,0,0,0,69.94,0,0,0,0,0,0,0,0,0,0,0,0,0,72.79,0,0,0,0,0,0,0,0,0,0,0,0,0,0,0,0,0,0,0,0,0,0,0,0,0,100,0,0,0,0,0,0,0,0,0,0,0,0,0,0,0,0,0,0,72.85,0,0,0,72.46,0,0,0
2582580706.fna,0,0,0,0,0,0,0,0,0,0,69.04,0,0,0,0,0,0,0,0,0,0,0,0,0,0,0,0,0,0,0,0,0,0,0,0,0,0,0,0,0,0,0,0,0,69.74,0,0,0,0,0,0,0,0,0,0,0,0,0,0,0,0,0,0,0,0,0,0,0,0,0,0,0,0,0,0,0,0,0,0,0,0,0,0,0,0,0,0,0,0,0,0,0,0,0,0,0,0,0,0,0,0,0,0,0,0,0,0,0,0,0,0,0,0,0,0,0,0,0,0,0,0,0,0,0,49.93,0,0,0,0,0,0,0,0,0,0,0,0,0,0,0,0,0,69.73,0,0,67.77,0,0,0,0,0,0,0,0,71.49,0,0,0,0,0,0,0,0,0,0,0,0,0,0,0,0,0,0,0,0,0,0,0,0,100,0,0,0,0,0,0,0,0,0,0,0,0,0,0,0,0,0,0,0,0,0,0,0,0,0
2582580707.fna,0,0,0,0,0,0,0,0,0,0,0,0,0,0,0,0,0,0,0,0,0,0,0,0,0,0,68.25,0,0,0,0,0,0,0,0,0,0,0,0,0,0,0,0,0,68.5,0,0,0,0,0,0,0,0,0,0,0,0,0,0,0,0,0,0,0,0,0,0,0,0,0,0,0,0,0,0,0,0,0,0,0,0,0,0,0,0,0,0,0,0,0,0,0,0,0,0,0,0,0,0,0,0,0,0,0,0,0,0,0,0,0,0,60.12,0,0,0,0,0,0,0,0,0,67.9,0,0,0,68.18,0,0,0,0,0,0,0,0,0,0,68.45,0,0,0,0,0,0,0,68.07,0,0,0,0,0,0,0,0,0,0,0,0,0,0,0,0,0,0,0,0,0,0,0,0,0,0,0,0,0,0,0,69.64,0,0,0,100,0,0,0,0,68.31,0,0,0,0,0,0,0,0,0,0,0,0,0,0,0,0,0,0,0
2582580708.fna,0,0,0,0,0,0,0,0,0,0,0,0,0,0,0,0,0,0,0,0,0,0,0,0,0,0,0,0,0,0,0,0,0,0,0,0,0,67.9,0,0,0,0,0,0,0,0,0,0,0,0,0,0,0,0,0,0,0,0,0,0,0,0,0,0,0,0,0,0,0,0,0,0,0,0,0,0,0,0,0,0,0,0,0,0,0,0,0,0,0,0,0,0,0,0,0,0,0,0,0,0,0,0,0,0,0,0,0,0,0,0,0,0,0,0,0,0,0,0,0,0,0,0,0,0,0,0,0,0,0,0,0,0,0,0,0,0,0,0,0,0,0,0,0,0,0,0,0,0,0,0,0,0,0,0,0,0,0,0,0,0,0,0,0,0,0,0,74.39,0,0,0,0,0,0,0,0,69.07,0,0,0,0,0,100,0,0,0,0,0,0,0,0,68,0,0,0,0,0,0,0,0,0,0,0,0,0,0
2582580709.fna,0,0,0,0,0,0,0,0,0,0,0,0,0,0,0,0,0,0,0,0,0,0,0,0,0,0,0,0,0,0,0,0,0,0,0,0,0,0,0,0,0,0,0,0,0,0,0,0,0,0,0,0,0,0,0,0,0,0,0,0,0,0,0,0,0,0,0,0,0,0,0,0,0,0,0,0,0,0,0,0,0,0,0,0,0,0,0,0,0,0,0,0,0,0,0,0,0,0,0,0,0,0,0,0,0,0,0,0,0,0,0,0,0,0,0,0,0,0,0,0,0,0,0,0,0,0,0,0,0,0,0,0,0,0,0,0,0,0,0,0,0,0,0,0,0,0,0,0,0,0,0,0,0,0,0,0,0,0,0,0,0,0,0,0,0,0,0,0,0,0,0,0,0,0,0,0,0,0,0,0,0,0,100,0,0,0,0,0,0,0,0,0,0,0,0,0,0,0,0,0,0,0,0,0,0
2582580711.fna,0,0,0,0,0,0,0,0,0,0,0,0,0,0,0,0,0,0,0,0,0,0,0,0,0,0,0,0,0,0,0,0,0,0,0,0,0,0,0,0,0,0,0,0,0,72.16,0,0,0,0,0,0,0,0,0,0,0,0,0,0,0,0,0,0,0,0,0,0,0,0,0,0,0,0,0,0,0,0,0,0,0,0,0,0,0,0,0,0,0,0,0,0,0,0,0,0,0,0,0,0,0,0,0,0,0,0,75.65,75.7,0,0,56.66,0,0,0,0,0,0,0,76.09,0,0,0,0,0,0,0,75.67,0,0,0,0,0,0,0,0,0,0,0,0,68.85,68.93,0,0,0,0,0,0,0,0,0,0,68.19,0,0,0,0,0,0,0,0,0,0,0,0,0,0,0,0,0,0,0,0,0,0,0,0,0,0,0,0,0,0,0,100,0,0,76.26,0,75.39,0,0,0,0,64.49,0,0,0,0,68.14,74.34,0,0,0,0,0
2582580712.fna,0,0,0,67.41,0,0,0,0,0,0,0,0,0,0,0,0,0,0,0,0,0,0,0,0,0,0,0,0,0,0,0,0,0,0,0,0,0,0,0,0,0,0,0,0,68.02,0,0,0,0,71.61,0,0,0,0,0,0,0,0,0,0,0,0,0,0,0,0,0,0,0,0,0,0,0,0,0,0,0,0,0,0,0,0,0,0,0,0,69,0,0,0,0,0,0,0,0,0,0,0,0,0,0,0,0,52.87,70.17,0,68.81,0,70.26,71.96,0,0,0,0,0,0,0,0,66.13,0,0,0,0,0,0,0,0,0,68.07,0,0,0,68.25,0,70.11,0,0,0,0,0,0,0,0,0,71.44,0,0,0,0,0,0,68.68,0,0,0,0,0,68.33,0,0,0,0,0,0,0,0,0,0,0,0,0,0,0,0,0,0,0,0,0,0,0,0,0,0,100,0,0,71.93,0,64.44,0,0,0,69.06,0,0,0,0,67.75,0,0,0,0,71.78,0
2582580714.fna,0,0,0,0,0,0,0,0,69.53,0,0,0,0,0,0,0,0,0,0,0,0,0,0,0,0,0,0,0,0,0,0,0,69.84,0,0,0,0,0,0,0,0,0,0,0,68.71,0,0,0,0,0,0,0,0,0,0,0,0,0,0,0,0,0,0,0,0,0,0,0,0,0,0,0,0,0,0,0,0,0,0,0,0,0,0,0,0,0,0,0,0,0,0,0,0,0,0,0,0,0,0,0,0,0,0,0,0,71.72,0,0,0,0,0,0,0,70.11,0,0,70.39,0,0,69.62,0,0,68.81,0,0,0,0,0,0,0,0,0,0,0,0,0,0,0,0,0,0,0,0,0,0,0,0,69.72,71.89,0,0,0,0,0,0,69.92,0,0,0,0,0,66.79,69.15,0,0,0,0,0,0,0,0,0,0,0,0,0,68.38,0,0,0,68.63,0,0,0,0,100,0,0,0,0,0,0,0,0,0,0,68.92,0,0,0,0,0,0,0,0
2588253500.fna,0,0,0,67.98,0,0,0,0,0,0,0,0,0,0,0,0,0,0,0,0,0,0,0,0,0,0,0,0,0,0,0,0,0,0,0,0,0,0,0,0,0,0,0,0,0,72.32,0,0,0,0,0,0,0,0,0,0,0,0,0,0,0,0,0,0,0,0,0,0,0,0,0,0,0,0,0,0,0,0,0,0,0,0,0,0,0,0,0,0,0,0,0,0,0,0,0,0,0,0,0,0,0,0,0,0,0,0,75.82,76.18,0,0,0,0,0,0,0,0,0,0,78.57,0,0,0,0,0,0,0,99.48,0,0,0,0,0,0,0,0,0,0,0,0,68.38,68.16,0,0,0,0,0,0,0,0,0,0,0,0,0,0,0,0,0,0,0,0,0,0,0,0,0,0,0,0,0,0,0,0,0,0,0,0,0,0,0,0,0,0,76.22,0,0,100,0,75.86,0,0,0,0,0,0,0,0,0,0,74.98,0,0,0,0,0
2593339176.fna,0,0,0,62.93,0,0,0,0,0,0,0,0,0,0,0,0,0,0,0,0,0,0,0,0,0,0,0,0,0,0,0,0,0,0,0,0,0,0,0,0,0,0,0,0,0,68.69,0,0,0,73.45,0,0,0,0,53.98,0,0,0,0,0,52.56,0,0,0,0,0,0,0,0,0,0,67.72,0,0,0,0,0,0,0,0,0,0,0,0,0,0,69.57,0,0,0,0,0,0,0,0,0,0,0,0,0,0,0,0,0,0,0,0,66.9,0,99.97,56.22,0,0,0,0,0,0,0,0,0,0,0,0,0,0,0,66.4,0,0,0,0,0,68.49,0,0,0,0,0,0,0,0,0,0,0,0,0,0,0,0,0,0,0,0,68.64,0,0,0,0,0,0,0,0,0,77.59,0,0,0,0,0,0,0,0,0,0,0,0,0,0,0,0,0,0,0,0,68.81,0,0,100,0,0,0,0,0,69.29,0,0,0,0,68.34,0,0,0,0,80.18,0
2593339177.fna,0,0,0,66.6,0,0,0,0,0,0,0,0,0,0,0,0,0,0,0,0,0,0,0,0,0,0,0,0,0,0,0,0,0,0,0,0,0,0,0,0,0,0,0,0,0,71.95,0,0,0,0,0,0,0,0,0,0,0,0,0,0,0,0,0,0,0,0,0,0,0,0,0,0,0,0,0,0,0,0,0,0,0,0,0,0,0,0,0,0,0,0,0,0,0,0,0,0,0,0,0,0,0,0,0,0,0,0,99.76,75.84,0,0,0,0,0,0,0,0,0,0,75.57,0,0,0,0,0,56.52,0,75.79,0,0,0,0,0,0,0,0,0,0,0,0,65.68,0,0,0,0,0,0,60.87,0,0,0,0,0,0,0,0,0,0,0,0,0,0,0,0,0,0,0,0,0,0,0,0,0,0,0,0,0,0,0,0,0,0,0,0,75.19,0,0,75.97,0,100,0,0,0,0,0,0,0,0,0,62.06,73.66,0,0,0,70.31,0
2593339178.fna,0,0,0,0,0,0,0,0,0,0,0,0,0,0,0,0,0,0,0,0,0,0,0,0,0,0,0,0,0,0,0,0,0,0,0,0,0,0,0,0,0,0,0,0,0,0,0,0,0,0,0,0,0,0,71.16,0,0,0,0,0,0,0,0,0,0,0,0,0,0,0,0,0,0,0,0,0,0,0,0,0,0,0,0,0,0,0,0,0,0,0,0,0,0,0,0,0,0,0,0,0,0,0,0,99.57,0,0,0,0,0,0,0,0,0,0,0,0,0,0,0,0,0,0,0,83.37,0,0,0,0,0,73.26,0,0,0,0,0,0,0,0,0,0,0,0,0,0,0,0,0,0,0,0,0,0,0,72.76,0,0,0,0,0,0,0,0,0,0,0,0,0,0,0,0,0,0,0,0,0,0,0,0,0,0,0,0,0,0,67.85,0,0,0,0,100,0,0,0,0,0,0,0,0,66.03,0,0,0,83.24,0,0
2593339179.fna,0,0,0,0,0,0,0,0,0,0,0,0,0,0,0,0,0,0,0,0,0,0,0,0,0,0,0,0,0,0,0,0,0,0,0,0,0,0,0,0,0,0,0,0,0,0,0,0,0,0,0,0,0,0,0,0,0,0,0,0,0,0,0,0,0,0,0,0,0,0,0,0,0,0,0,0,0,0,0,0,0,0,0,0,0,0,0,0,0,0,0,0,0,0,0,0,0,0,0,0,0,0,0,0,0,0,0,0,0,0,0,0,0,0,0,0,0,0,0,0,0,0,0,0,0,0,0,0,0,0,0,0,0,0,0,0,0,0,0,0,0,0,0,0,0,0,70.21,0,0,0,69.65,0,0,0,0,0,0,0,0,0,0,0,0,0,0,0,0,0,0,0,0,0,0,0,0,0,0,0,0,0,0,67.84,0,0,0,0,0,0,0,0,100,0,0,0,0,0,0,0,0,0,0,0,0,0,0
2593339180.fna,0,67.54,0,0,0,0,0,0,0,0,0,0,0,0,0,0,0,0,0,0,0,0,0,0,0,0,0,0,0,0,0,0,0,0,0,0,0,0,0,0,0,0,0,0,0,0,0,66.93,0,0,0,0,0,0,0,0,0,0,0,0,0,0,0,0,0,0,0,0,0,0,0,0,0,0,0,0,0,0,0,0,0,0,0,0,0,0,0,0,0,0,0,0,0,0,0,0,0,0,0,0,0,0,0,0,0,0,0,0,0,0,0,0,0,0,0,0,0,0,0,0,0,0,0,0,0,0,0,0,0,0,0,0,0,0,0,0,0,0,0,0,0,0,0,70.31,69.26,0,0,0,0,68.68,0,0,0,0,0,0,66.68,0,0,0,0,0,0,0,0,69.17,0,0,0,0,0,0,0,0,0,0,0,0,0,0,0,0,0,0,0,0,0,0,0,0,0,100,0,0,0,0,0,0,0,0,0,0,0,0,0
2593339181.fna,0,0,0,0,0,0,0,0,71.63,0,0,0,0,0,0,0,0,0,0,0,0,0,0,0,0,0,0,0,0,0,0,0,0,0,0,0,0,0,0,0,0,0,0,0,0,0,0,73.37,0,0,0,0,0,0,0,0,0,0,0,0,66.53,0,0,0,0,0,0,0,0,0,0,0,0,0,0,0,0,0,0,0,0,0,0,0,0,0,0,0,0,0,0,0,0,0,0,0,0,0,0,0,0,0,0,0,0,0,0,0,0,0,0,0,0,0,0,0,0,0,0,0,0,68.76,0,0,54.06,0,0,0,0,0,0,0,0,0,0,0,0,0,0,0,0,0,0,0,0,0,60.55,0,0,0,0,0,0,0,0,0,0,0,0,0,0,0,68.25,0,0,0,0,0,0,0,0,0,0,0,0,0,0,0,0,0,0,0,0,0,0,0,0,0,0,0,0,0,100,0,0,0,0,0,0,0,99.56,0,0,0,0
2593339182.fna,0,0,0,0,0,0,0,0,0,0,0,0,0,0,0,69.6,0,0,0,0,0,0,0,0,0,0,0,0,0,0,0,0,0,0,0,0,0,0,0,0,0,0,0,0,0,67.49,0,0,0,66.76,0,0,0,0,0,0,0,0,0,0,0,0,0,0,0,0,0,0,0,0,0,0,0,0,0,0,0,0,0,0,0,0,0,0,0,0,84.88,0,0,0,0,0,0,0,0,0,0,0,0,0,0,0,0,0,0,0,0,0,0,69.93,0,0,0,0,0,0,0,0,0,0,0,0,0,0,0,0,0,0,0,0,0,0,99.55,0,0,0,0,66.81,0,0,0,0,0,0,0,0,0,0,0,0,0,0,0,0,0,0,0,0,0,0,0,0,0,0,0,0,0,0,0,0,0,0,0,0,0,0,0,0,0,0,0,0,0,68.02,69.25,0,0,69.38,0,0,0,0,0,100,0,0,0,0,0,0,0,0,0,69.3,0
2593339183.fna,0,0,0,0,0,0,0,0,0,0,0,0,0,0,0,0,0,0,0,0,74.95,0,0,0,0,0,0,0,0,0,0,0,0,0,0,0,0,0,0,0,0,0,0,0,65.58,0,0,0,0,0,0,0,0,0,0,0,0,0,0,0,0,0,0,0,0,0,0,0,0,0,0,0,0,0,0,0,0,0,0,0,0,0,0,0,0,0,0,0,0,0,0,0,0,0,0,0,0,0,0,0,0,0,0,0,0,0,0,0,0,0,0,0,0,0,0,0,0,0,0,0,0,0,0,0,0,0,0,0,0,0,0,0,0,0,0,0,0,0,0,0,0,0,0,70.69,0,0,0,0,0,0,0,0,0,0,0,0,0,0,57.09,0,0,0,0,0,0,0,0,0,0,0,0,0,0,0,0,0,0,0,0,0,0,0,0,0,0,0,0,0,0,0,0,0,0,0,100,0,0,0,0,0,0,0,0,0,0
2593339184.fna,0,0,0,0,0,0,0,0,0,0,0,0,0,0,0,0,0,0,0,0,0,0,0,0,0,0,0,0,0,0,0,0,0,0,0,0,0,0,0,0,0,0,0,0,0,0,0,0,0,0,0,0,0,0,0,0,0,68.08,0,0,0,0,0,0,0,0,0,0,0,0,0,0,0,0,0,0,0,0,0,0,0,0,0,0,0,0,0,0,0,0,0,0,0,0,0,0,0,0,0,0,0,0,0,0,0,0,0,0,82.75,0,0,99.76,0,0,0,0,0,0,0,0,0,0,0,0,0,0,0,0,0,0,0,0,0,0,82.59,0,0,0,0,0,0,0,0,0,0,66.36,0,0,0,0,0,0,0,0,0,0,0,0,0,0,0,0,0,0,0,0,0,0,0,0,0,0,0,0,0,0,0,0,0,0,0,0,0,0,0,0,0,0,0,0,0,0,0,0,0,100,0,0,0,0,0,0,0,0,0
2593339185.fna,0,0,0,0,0,66.74,0,0,68.73,0,0,0,0,0,0,0,0,0,62.39,0,0,0,0,0,0,0,0,0,0,0,0,0,67.92,0,0,0,0,0,0,0,0,0,0,0,0,0,0,0,0,0,0,0,0,67.59,0,0,0,0,0,0,0,0,0,0,0,0,0,0,0,0,0,0,0,0,0,0,0,0,0,0,0,70.24,0,0,0,0,0,0,0,0,0,0,0,0,0,0,0,0,0,0,0,0,0,0,0,69.47,0,0,0,0,0,0,0,0,0,0,67.88,0,0,99.88,0,0,0,0,0,0,0,0,0,0,0,0,0,0,0,0,0,0,0,0,0,0,0,0,0,0,54.07,68,68.03,0,0,0,70.67,0,0,67.85,0,0,0,0,0,0,0,0,0,0,0,0,0,0,61.13,0,0,0,0,0,0,0,0,0,0,0,0,0,0,68.73,0,0,0,0,0,0,0,0,0,0,100,69.17,0,0,0,0,0,0,0
2593339186.fna,0,0,0,0,0,0,0,0,0,0,0,0,0,0,0,0,71.25,0,0,0,0,0,0,0,0,0,0,0,0,0,0,0,0,0,0,0,0,0,71.3,0,0,68.54,0,70.13,0,0,0,0,0,0,0,0,69.54,0,0,0,0,0,0,0,70.57,0,0,71.97,0,0,0,0,0,0,0,0,0,0,0,0,0,0,0,0,0,0,0,0,0,0,0,0,0,0,0,0,0,0,0,0,69.36,0,0,0,0,0,0,0,0,0,0,0,0,0,0,0,72.68,0,0,72.66,0,71.87,0,0,71.25,0,0,0,0,0,0,0,0,0,0,0,0,0,0,0,0,0,72.77,0,0,0,0,0,0,0,0,0,0,0,0,0,73.01,0,0,67.16,0,0,0,0,0,0,0,0,0,0,0,0,0,0,0,0,0,0,0,0,0,0,72.98,0,0,0,0,0,0,0,0,0,0,0,0,0,0,0,0,0,69.12,100,0,0,0,99.2,0,0,0
2593339187.fna,0,0,0,0,0,0,0,0,0,0,0,0,0,0,0,0,0,0,0,0,0,0,0,0,0,0,66.8,0,0,0,0,0,0,0,0,0,0,0,0,0,0,0,0,0,68.47,0,0,0,0,68.82,0,0,0,0,66.6,0,0,0,0,0,0,0,0,0,0,0,0,0,0,0,0,0,0,0,0,0,0,0,0,0,0,0,0,0,0,0,0,0,68.5,0,0,0,0,0,0,0,0,66.05,0,0,0,0,0,65.82,0,69.37,68.48,0,0,68.04,59.92,0,0,0,0,0,0,0,0,0,0,62.94,0,65.58,0,0,0,0,0,0,0,0,67.06,0,0,0,67.57,0,0,67.15,0,0,0,0,0,0,0,0,68.75,0,0,68.68,0,0,0,0,0,0,0,0,0,0,0,0,0,0,0,0,0,0,0,0,0,0,0,0,0,0,0,0,0,0,0,68.22,67.57,0,0,65.09,65.74,65.87,0,0,0,0,0,0,0,0,100,67.66,0,0,60.02,67.45,0
2593339188.fna,0,0,0,0,0,0,0,0,0,0,0,0,0,0,0,0,0,0,0,0,0,0,0,0,0,0,0,0,0,0,0,0,0,0,0,0,0,0,0,0,0,0,0,0,0,71.76,0,0,0,0,0,0,0,0,0,0,0,0,0,0,0,0,0,0,0,0,0,0,0,0,0,0,0,0,0,0,0,0,0,0,0,0,0,0,0,0,0,0,0,0,0,0,0,0,0,0,0,0,0,0,0,0,0,0,0,0,74.21,73.95,0,0,0,0,0,0,0,0,0,0,74.55,0,0,0,0,0,0,0,74.67,0,0,0,0,0,0,0,0,0,0,0,0,68.34,0,0,0,0,0,0,0,0,0,0,0,0,0,0,0,0,0,0,0,0,0,0,0,0,0,0,0,0,0,0,0,0,0,0,0,0,0,0,0,0,0,0,0,74.66,0,0,74.96,0,73.83,0,0,0,0,0,0,0,0,0,67.65,100,0,0,0,0,0
2593339189.fna,0,0,0,0,0,0,0,0,71.36,0,0,0,0,0,0,0,0,0,0,0,0,0,0,0,0,0,0,0,0,0,0,0,0,0,0,0,0,0,0,0,0,0,0,0,0,0,0,72.69,0,0,0,0,0,0,0,0,0,0,0,0,0,0,0,0,0,0,0,0,0,0,0,0,0,0,0,0,0,0,0,0,0,0,0,0,0,0,0,0,0,0,0,0,0,0,0,0,0,0,0,0,0,0,0,0,0,0,0,0,0,0,0,0,0,0,0,0,0,0,0,0,0,68.61,0,0,58.49,0,0,0,0,0,0,0,0,0,0,0,0,0,0,0,0,0,0,0,0,0,62.45,0,0,0,0,0,0,0,0,0,0,0,0,0,0,0,66.57,0,0,0,0,0,0,0,0,0,0,0,0,0,0,0,0,0,0,0,0,0,0,0,0,0,0,0,0,0,99.56,0,0,0,0,0,0,0,100,0,0,0,0
2593339190.fna,0,0,0,0,0,0,0,0,0,0,0,0,0,0,0,0,70.95,0,0,0,0,0,0,0,0,0,0,0,71.04,0,0,0,0,0,0,0,0,0,70.73,0,0,0,0,69.44,0,0,0,0,0,0,0,0,69.7,0,0,0,0,0,0,0,70.38,0,0,71.87,0,0,0,0,0,0,0,0,0,0,0,0,0,0,0,0,0,0,0,66.97,0,0,0,0,0,0,0,0,0,0,0,0,69.44,0,0,0,0,0,0,0,0,0,0,0,0,0,0,0,72.63,0,0,72.14,0,71.41,0,0,71.48,0,0,0,0,0,0,0,0,0,0,0,0,0,0,0,0,0,73.17,0,0,0,0,0,0,0,0,0,0,0,0,0,72.25,0,0,0,0,0,0,0,0,0,0,0,0,0,0,0,0,0,0,0,0,0,0,0,0,0,72.58,0,0,0,0,0,0,0,0,0,0,0,0,0,0,0,0,0,0,99.2,0,0,0,100,0,0,0
2593339191.fna,0,0,0,0,0,0,0,0,0,0,0,0,0,0,0,0,0,0,0,0,0,0,0,0,0,0,0,0,0,0,0,0,0,0,0,0,0,0,0,0,0,0,0,0,0,0,0,0,0,0,0,0,0,0,69.77,0,0,0,0,0,0,0,0,0,0,0,0,0,0,0,0,0,0,0,0,0,0,0,0,0,0,0,0,0,0,0,68.45,0,0,0,0,0,0,0,0,0,0,0,0,0,0,0,0,83.83,0,0,0,0,0,0,0,0,0,0,0,0,0,0,0,0,0,0,0,99.99,0,0,0,0,0,71.24,0,0,0,0,0,0,0,0,0,0,0,0,0,0,0,0,0,0,0,0,0,0,0,71.32,0,0,0,0,0,0,0,0,0,0,0,0,0,0,0,0,0,0,0,0,0,0,0,0,0,0,0,0,0,0,0,0,0,0,0,83.66,0,0,0,0,0,0,0,0,64.8,0,0,0,100,0,0
2593339192.fna,0,0,0,0,0,0,0,0,0,0,0,0,0,0,0,0,0,0,0,0,0,0,0,0,0,0,0,0,0,0,0,0,0,0,0,0,0,0,0,0,0,0,0,0,0,0,0,0,0,73.83,0,0,0,0,67.26,0,0,0,0,0,0,0,0,0,0,0,0,0,0,0,0,0,0,0,0,0,0,0,0,0,0,0,0,0,0,0,68.93,0,0,0,0,0,0,0,0,0,0,0,0,0,0,0,0,0,0,0,0,0,0,80.21,0,0,0,0,0,0,0,0,0,0,0,0,0,0,0,0,0,0,0,0,0,0,69.92,0,0,0,0,0,0,0,0,0,0,0,0,0,0,0,0,0,0,69.38,0,0,0,0,0,0,0,0,0,0,0,0,0,0,0,0,0,0,0,0,0,0,0,0,0,0,0,0,0,0,0,0,71.54,0,0,80.18,69.82,0,0,0,0,67.61,0,0,0,0,67.06,0,0,0,0,100,0
2593339193.fna,0,0,0,0,0,0,0,0,0,0,0,0,0,0,0,0,0,0,0,0,0,0,0,0,0,0,0,0,0,0,0,0,0,0,0,0,0,0,0,0,0,0,0,0,69.39,0,0,0,0,0,0,0,0,0,0,0,0,0,0,0,0,0,0,0,67.4,0,0,0,0,0,0,0,0,0,0,0,0,0,0,0,0,0,0,0,0,0,0,0,0,0,0,0,0,0,0,0,0,70.54,0,0,0,0,0,0,0,0,0,0,0,0,0,0,0,0,0,0,0,0,0,0,0,0,0,0,0,0,0,0,0,0,0,0,0,0,0,0,0,0,0,0,0,0,0,0,0,0,0,0,0,0,0,0,0,0,0,0,0,0,0,0,0,0,0,0,0,0,0,0,0,0,0,0,0,0,0,0,0,0,0,0,0,0,0,0,0,0,0,0,0,0,0,0,0,0,0,0,0,0,0,0,0,0,0,0,100
