,X6.7.2007,X6.13.2007,X6.27.2007,X7.2.2007,X7.12.2007,X7.25.2007,X7.31.2007,X8.9.2007,X8.20.2007,X8.27.2007,X9.17.2007,X10.1.2007,X10.16.2007,X11.5.2007,X11.14.2007,X4.30.2008,X5.22.2008,X5.29.2008,X6.13.2008,X6.24.2008,X7.1.2008,X7.8.2008,X7.15.2008,X7.22.2008,X7.29.2008,X8.5.2008,X8.12.2008,X8.19.2008,X8.25.2008,X9.9.2008,X9.20.2008,X10.4.2008,X10.23.2008,X5.29.2009,X6.3.2009,X6.8.2009,X6.23.2009,X6.29.2009,X7.7.2009,X7.13.2009,X7.21.2009,X7.27.2009,X8.3.2009,X8.11.2009,X8.18.2009
TE00031|TBL_comb48_EPIDRAFT_1002675,1.50214274209379,0.677439861076309,1.05487672625168,1.50822168265723,1.28929436779225,0.193721231076703,0.237268319321059,1.19847100916531,1.60239088779241,1.40025602565236,1.37208604522135,0.289477326695132,0.833191349516857,2.99626734224848,16.1752191277407,1.48983497289541,0.51681036432484,0.117653491535248,1.8206459430695,2.59839563766684,3.03476501187089,0.134312247429,4.32566993057344,0.0565731934520659,6.38548126276989,1.02473404090715,0.859429169619634,3.31134165584641,6.25782107775977,3.26439363281004,2.36814302633685,1.08318113499417,6.76911806782268,3.02729818528022,2.23686276117471,0.0313698744262745,1.5303564609335,1.05642004268766,0.529888525853852,0.653033362427135,0.962905367475617,0.681168984957788,1.32666568131342,2.11540108642174,1.40873134261236
TE00037|TBL_comb48_EPIDRAFT_1001439,5.87683890944731,12.1213701133354,54.7956579535452,79.6833397854981,32.5171743757662,2.47522387309036,2.02275152040097,4.39091301525109,10.9627241740316,28.6064521751868,39.2126263918429,6.30878989143321,38.0179934963639,25.9386336296223,9.00899905805916,0.0806742587272907,0.207556279719738,0.00577919071393821,1.90770137509819,21.1246571835707,9.60073579266194,0.959568314013401,10.8498340365049,0.697131006446479,37.9037391625455,8.98169916526674,2.22169359227285,3.67952819300273,8.49548914123863,8.8048018116042,7.45907500966433,6.45873708245319,42.2124852807324,47.8569008110246,50.7885160880245,2.56407828534221,29.2663039587626,15.3125563507209,42.2486482766578,16.0580390030089,3.90634099412782,2.23937618489833,5.72411697933568,12.5378051557121,16.8005154496017
TE00149|TBL_comb48_EPIDRAFT_1000526,6.24776956414858,14.5299058016333,98.1063647501464,150.580139044968,69.9207731467084,3.594016925141,1.47623823653676,2.29592050005519,1.0100547416531,2.78759356250342,9.44458216844849,5.9711165482417,15.3987916339775,6.860288567503,2.60515449895672,0.00224920104403478,0.000316452240612004,2.34710021906327e-07,1.03203718543018,32.2052826627333,9.32683891299354,0.638943475419641,14.1292755233769,0.795667303692348,50.5802829524166,8.16014830312222,1.26322102739208,0.575824596254613,0.73618201924415,0.841796125652213,2.75429586822063,2.76241126791895,5.87309370958562,0.963864994166461,0.372082133753235,0.0013189410095414,10.7626853798683,24.6258106397699,8.66766822995432,19.2821476981593,3.33163579091874,1.84499510768335,9.75346105919469,20.7383762296691,18.663817194127
TE00211|TBL_comb48_EPIDRAFT_1000009,7.84581102990408,0.174654257292524,0.0356863783106661,0.000134598603735068,14.3744957412816,5.4245702402749,3.81995798572638,12.6596325528675,24.6618668718786,7.36454423582115,23.2519026653829,0.162551076298373,37.1472551658688,0.900516403614903,0.637430398518095,0.268313302337031,1.15013628136602,0.00379107242004636,5.19612038606117,14.4510745036845,11.4808173439601,0.329494969143675,75.5704799444544,0.593809624232351,0.65893471670872,0.326586495531092,9.50476273118533,27.3356377549474,55.6122528827739,38.4562407583531,24.2100639953374,2.34178521742832,4.30912398207804,1.12342435011375,0.145553169270376,0.0529199541517631,0.984144067931828,1.28940286126804,1.87058266659529,3.82393661046143,3.34228124713357,13.7977959660607,8.19219058853267,58.1987416552552,15.6146893093792
TE00316|TBL_comb48_EPIDRAFT_1001362,7.22368432724141,11.627786278811,25.8230836311407,29.8391125169571,27.5620841387556,4.5960565288197,5.26890153750351,6.47718445943839,6.81690398388426,12.4136121750923,4.83214134488766,2.43989285043111,4.11912379074685,2.55620639943525,2.98262950330611,0.0237625231745326,0.0211084698858101,8.55990117127925e-05,0.843966490523233,18.0832871811263,10.0491008905883,1.11480504312765,5.80383736571775,0.339276475682895,36.2172971739385,10.1296383300041,3.77896883406609,3.70271597259356,4.08683703656547,3.0921825773344,4.34628893509008,3.0302966880697,15.2761076905132,19.582853091625,18.1939288876966,1.20292443401859,11.9361537767736,6.19925558373884,24.0223469520073,13.9177278793862,2.59094698191252,1.14637269460399,4.65155741544827,8.08171030838687,12.8916795577166
TE00424|TBL_comb48_EPIDRAFT_1000320,3.70540378357584,2.41888493073323,6.89178388247923,7.48471061891503,5.33358283453259,0.699091796734679,1.1132175488647,4.53742556331033,3.26153106530901,3.88578118985038,1.72808763152139,0.824766315703726,1.2343865442603,4.76694306886867,10.767553453729,1.47143218910302,1.0327706820316,0.038645627861932,2.82287539307769,6.94025158868269,6.12075441262953,0.600111383466532,3.76779914435643,0.0972664774348937,14.8238013653631,3.55111226710849,1.78056317746894,4.54234130285803,6.44167110874328,4.96293810403967,4.75822485440767,3.12763196046127,26.3662168501228,16.7141103454126,14.4678252199772,0.199098854096515,8.86156388505195,6.41093055928879,3.69302633631561,5.13870208647951,4.20546158676555,1.56534883895113,3.61132665963176,7.14172680844195,6.52154767087418
TE00439|TBL_comb48_EPIDRAFT_1000532,1.96137029682774,1.03997402796114,1.94320206296896,2.62755326845649,5.6733582278053,0.892317927497468,1.52277551411574,4.33234336064201,8.25717794041981,9.63631878890811,9.84056159352564,1.21680767943875,7.48645709692112,22.4827804886389,40.5273329601478,1.84801501310607,1.5626340193402,0.00249359978362845,4.40137436129196,8.34996532073489,6.92517949546685,0.633806821840669,10.764226896776,0.41921317828544,24.685321901094,5.94853262913861,4.58861813241614,16.3757947760714,25.6320754313765,13.3826383416049,8.59530403943794,6.18369335480321,18.8101047348985,4.49580054450188,5.05065138763809,0.00609790917565046,3.14733600503419,3.51709924977337,1.97191992275667,2.976000814803,5.66351007215937,2.00407948536001,3.50294081202106,4.02291261024035,4.18637629533805
TE00507|TBL_comb48_EPIDRAFT_1001296,0.310286555015304,0.544263497476868,5.12585723976424,6.93829770307503,5.65959705714322,1.78456108517357,2.17426471358759,8.66935270637749,9.61228404694992,8.48779820291097,8.32109463028773,0.320370358601478,4.67871405372726,2.18230182404682,0.772714971435891,0.0295237221642634,0.093824539810037,2.45172615507724e-08,0.386904095245045,4.44099735935895,2.03370631269936,0.262565380939692,5.08472962213885,0.27175249575196,23.3531152497522,3.12200044855302,2.1819932106642,6.79046809886315,7.20538772135718,5.54759745719915,3.71086891906756,3.58331518235355,4.6491540166076,28.0996514735321,23.5346783209032,1.2753755275325,8.30765487092898,7.52507448194896,0.109011767824357,8.88789026805871,7.02276344397764,4.35395021231624,6.82965238680686,6.56496597845632,6.96514752163645
TE00567|TBL_comb48_EPIDRAFT_1000017,0.696024757424319,0.818879874488629,3.81019735938487,1.5889471380176,0.959621156810608,0.0502303626467602,0.173227507283079,0.600643346242284,0.468361194464643,0.272392669655833,0.299111342682358,0.835495572821036,2.64656267604759,12.1247339371478,39.0599274766068,1.58163575197863,0.433940753236311,0.000144006731058097,1.75675463903645,3.42886617554051,3.39745747150255,0.14015107914343,6.46244457725362,0.120471283860142,3.85514081502287,0.574215777135586,1.10721611184376,5.12054350667288,12.0038719113679,5.35526544354673,4.03593465724909,0.873722693678257,11.8216844318497,0.82637786172209,1.42852086434981,0.000357168125924365,1.18509267183332,1.22370204247658,0.0582191837840146,1.02724839370552,2.07192510803227,0.392412438109499,0.305114568119688,0.569905550813715,0.811478997642908
TE00625|TBL_comb48_EPIDRAFT_1000879,3.16097955141326,2.9729878999896,14.5190201782409,19.7318151411763,15.8042091860354,2.30761196917959,1.98735953029363,9.4977794667655,4.52684212134936,3.66369354257798,2.10136073807473,2.16043687974848,2.78609662142653,8.72048653338735,26.6477133290761,1.89832374861347,0.576685213867628,0.0751667984434666,2.46457373592165,8.26183878695713,7.07700625677185,0.64707325487533,5.53974653025082,0.156647769661062,12.8050302780173,2.48722950488169,1.62337904180512,3.95422273695183,8.98381377781589,3.37027437471605,3.69181161868309,1.21868982600309,11.8901955408731,3.83019840175199,5.61559749558692,0.226727402147256,3.74030016016812,3.61992503273577,1.58947057892941,8.60830083314706,3.09700973132168,0.625706105683292,2.14832795689927,2.95346914662911,3.7048224821824
TE00730|TBL_comb48_EPIDRAFT_1000060,0.003205934375,0.0042837803125,0.0431721853125,0.0373443546875,0.0081971078125,0.0286233828125,4.1367796875,53.274509375,9.40816765625,1.4474696875,0.55409271875,0.1230268453125,0.308349171875,0.033545709375,0.02713333125,0.01036228125,0.087858775,0.0001995509375,0.00070141109375,0.00167955203125,0.00069022453125,0,0.0910087078125,0.00020737,268.775921875,15.565315625,8.07529515625,9.9766646875,11.411346875,5.9895425,2.18624984375,1.68024265625,0.21709625,0.005989955,0.000161596875,4.513765625e-05,0.00025081859375,0.0068326365625,0.00137926734375,0.00496275578125,6.253921875e-05,0.033575084375,0.0089979221875,0.012945271875,0.023485219375
TE00755|TBL_comb48_EPIDRAFT_1000083,1.67864044772326,0.0249275500991609,0.553110110677648,0.133976829132936,3.69395344454263,2.26211512389077,1.5736139825124,1.16304513406958,1.1889961135609,3.08772359764353,0.128945591655511,0.231542725516393,0.535416402746431,0.429270031186503,0.625776591080503,8.47687003195137e-05,0.157033601641057,0.00286733137787788,1.96721854051128,2.82055998092986,2.0376682727015,1.88724023410441,3.79661468188483,0.295118056100171,178.198191062313,21.2853730679656,3.53861032752051,9.63613031395033,13.7156084330612,3.22966774864713,1.46496875484256,0.610720111553135,2.90683512609294,12.4131841503632,10.2322403530398,0.106250022314061,2.93951786796863,2.17985524492356,1.04697243993286,0.308732449816091,6.24758449100652,1.056124777194,4.24766788559569,2.594925051905,2.83194018485722
TE00788|TBL_comb48_EPIDRAFT_1000823,1.34823611448684,0.856130703764072,4.15492658285876,10.5087028751546,5.88241189915321,0.491862669378742,0.814704622729607,2.36692100875059,1.20751597447428,1.37905283912815,1.44650896960834,3.58048265685606,5.44113148041365,15.670022360403,33.2275155820982,1.59893469061636,0.225149165275697,0.143148124271461,2.47555352187662,5.28446226702014,6.34467915747941,0.750580433055759,7.16071904448679,0.139689899873321,7.91558659159516,1.11442580720226,0.91167655024771,4.53442742645227,9.04782311011663,3.3819107120657,3.44543424340146,0.986784022322921,10.9011566996789,1.38977260606654,1.79760098017074,0.19701718139195,1.64105275358952,1.31909676475451,0.32928112142676,2.69455052254382,5.79633466633648,0.918392076623449,1.34136547236682,2.5107560848959,3.53877831240052
TE00911|TBL_comb48_EPIDRAFT_1000041,0.388434961837357,0.00767314591676978,8.71184037365811e-05,0.0112690304520904,0.985322985300558,0.200659426689259,0.304298720440892,0.669012141883974,3.91742009693798,9.96850122473249,5.29421606929875,0.00547039269193605,6.92146499341315,2.31087996190285,0.931577632350468,0.0573406910539164,0.469108372330935,8.56460570080405e-07,0.570529040066861,2.42263060157508,2.38999653211886,0.13170078961422,6.46855981610114,0.295876015270696,3.426811503803,0.206218777322319,0.963724116011359,5.64430492749426,14.3597286141285,8.70583313932221,9.51449247834378,3.9185347258839,3.22041060428408,1.20230808466921,0.43637013362427,0.0776604926465358,0.931562447011291,1.25289465024714,9.95206926251997e-09,0.978431408390209,1.57064156364178,9.54886948789651,16.649243095597,19.6944040871716,19.5615314222113
TE00913|TBL_comb48_EPIDRAFT_1000061,5.04835583691306,4.58159629534044,8.60193527638243,12.4724963612401,10.6969144855294,2.09334509557463,2.01446916357724,3.01438107169525,2.9843320793617,3.44338820996585,5.00055545030031,2.06601035377439,2.35848688651048,2.40501798358541,7.35781582029023,0.898541745801585,0.0846936221231706,0.0106423501535711,3.62774362674267,4.90785688725507,4.05176879338797,0.9194889425377,4.95528095793402,0.237535703292934,16.2103312405138,3.27117921197119,1.2117204001163,2.33282737455741,3.83184835412912,2.6331949507665,2.1726584857363,5.12741308402605,26.6409570459105,1.76573564152027,3.20146113598435,0.350108807682914,2.7384671981693,4.31886137038033,4.00652082005809,4.46919560016389,0.951515656405341,0.906713018199472,2.29921367201449,3.20539649791929,5.48736936222821
TE00938|TBL_comb48_EPIDRAFT_1000844,2.55921187120415,3.73250239198706,24.0309615569412,10.9451388593488,8.6385093492824,0.961826478618758,0.992871098689365,5.5877076521107,4.46352617827281,1.32090752568626,1.36441630068215,2.27235933445384,1.14578709644061,1.91182863160306,7.20382597879275,0.610913387133672,0.144351119429794,0.016722435739906,1.12700318117773,4.32563069316346,3.91245821023868,0.405167617446691,2.62033930075331,0.0213515054323127,9.69987996351844,3.33537161549501,2.07670932332569,4.30140053705401,5.57023145204565,2.48479781014187,1.95755489363506,1.2474446751779,10.7276650380207,0.944106264614129,2.06380776992115,0.0576424331505602,2.610972977522,2.93183692953623,9.78894559186336,4.6683599655898,1.42572200936071,0.187500652009576,1.31184985429739,2.63284216227872,3.99101919296086
TE01149|TBL_comb48_EPIDRAFT_1000226,0.875450636414101,0.0916884867300594,0.493425548150607,0.484710682926003,4.06679593084591,0.167423076712143,0.0586405963360279,0.14521969446757,0.153383155855222,0.487530297871851,1.86176954230172,0.18002895558621,7.70960007804617,18.0334873029718,91.6487815480754,3.87380979191788,0.512977429401582,0.060213,0.516049667713259,0.651195885419495,0.738874996334193,0.00196521406423338,1.09099906996467,8.50900824109168e-05,3.7150992295976,0.9317214866107,0.175070061393677,1.37074763479971,1.55121774401531,1.67070657728084,0.614081503138257,11.2701841076354,29.469790898923,1.12187267827433,1.60437181114118,0.0383647447848854,0.564324551464102,0.547730657687727,0.603798891076409,0.34693491720918,0.636041599909908,0.384344286544965,0.792668467449881,0.737874410008952,0.950274871146246
TE01196|TBL_comb48_EPIDRAFT_1000299,1.90166343368754,1.88111672844603,5.29360521849822,8.02299498365677,7.85332467715887,0.331913549897744,0.32026316806509,4.39787268908418,3.67379204342359,4.21319408660963,2.75366056054168,0.540198577795212,1.96061034703299,6.18012764699255,15.6782953361001,1.4744690393707,0.363077972934479,0.0103739201255517,1.55868982572305,2.06597183653671,5.19189035463444,0.531093748403604,5.99040297937077,0.234378554512935,23.131200053679,5.93801597159374,1.34914854567257,3.16021107124154,8.99597697124511,4.04727828056375,3.17312536520156,2.31835666777964,13.9637396241339,0.471442301420175,1.36423756668301,0.0129477861164674,3.1676339294962,3.30024818801116,3.25858560356763,1.65649915719055,0.127966901888399,0.0237716287737,0.208812575244226,0.329385343776726,0.383002020484919
TE01295|TBL_comb48_EPIDRAFT_1000792,0.308145675394712,1.96970608795002,8.05888936597825,8.81111574980779,3.12159700332539,0.667231441608395,1.00809460643656,1.88536053920867,2.06077294564623,5.88043630875816,4.26329779725499,0.409069121998872,2.90434007406192,3.25334489898814,1.47160869168911,0.000380716557749317,0.0551065032560313,2.80003185570262e-07,0.182688536682687,6.0070707141479,3.19167545188146,0.188447545743662,1.62529170688729,0.0677916402382011,8.1321972804886,2.40274729637549,0.501150613952482,1.02415139091149,1.81089429158167,1.45015729772667,2.895720591809,1.91104415445078,11.0483026787181,9.81814831265711,8.0506942234297,0.502894192506022,7.78075051214283,4.6878791075135,9.30584850334114,8.54957323743185,0.225600913271574,0.385748923016797,0.461450100614748,1.52234011700431,2.09953261097006
TE01301|TBL_comb48_EPIDRAFT_1000011,0.048102334554469,0.715607329754268,30.2216485983514,42.3744028069399,19.5290705379993,1.69329179106633,0.366633009001606,11.9030787566079,0.410764256689552,0.155925563445033,6.36083829654255,1.04263300113696,2.12417076466869,0.759458139341618,0.269027741481098,3.80026433155925e-09,0.00427840962870254,2.03719668836442e-09,0.00120991517536539,5.83231335649184,4.13889005357471,0.0398325433270653,1.19494090866396,0.096081946739318,7.92808748417724,2.9470368372767,0.167101910566842,0.427269711000324,1.63609219959203,0.59570945804279,1.49502824827647,2.37127795752447,0.151787129108811,1.65403670774e-07,2.78646897222737e-20,5.52884521484375e-06,0.365808783223072,5.87384437205011,5.42246605121637,4.06915623630184,0.122896409752096,0.184859937247287,0.112549013754913,1.51935036950168,1.17928385247448
TE01588|TBL_comb48_EPIDRAFT_1000370,0.833231112451385,3.51255044205364,12.8674998970252,12.9529267336922,7.78192907431515,0.747154523098203,1.02572957770613,2.60673488617623,2.43473855222956,4.22406364200451,0.521411879552664,0.0477714049425763,0.636455512102516,1.34649723536758,0.732606633878359,0.0639034359442731,0.00424024799072577,9.65208073466783e-15,0.10630969042028,4.33164284649565,1.94593103385018,0.218803635630067,1.3626346472232,0.226695530410503,8.10591784238354,2.86638232606687,1.24671283769372,2.21103424785467,4.45444848737348,2.8746974833026,3.96731476339137,0.99887342268583,3.91378360151192,5.41334764204645,7.21366337083325,0.414689736057536,3.44739302569193,3.43888279812668,4.24296511669144,11.0147111872078,0.878247783306297,0.347315549379448,0.81210988017956,1.69825325918853,2.16451697864043
TE01800|TBL_comb48_EPIDRAFT_1000052,0.394351000462686,0.358748693295948,2.50040371678602,2.7728478109988,9.81091737468967,2.52349992923889,4.26740535627615,10.2800532053556,2.23534459745514,4.06918984308769,4.63834136759235,0.316848988130835,4.04811601767792,3.26609878692178,1.53811318014636,0.0112595743803733,0.099453308697564,9.75129236364463e-09,0.272668859614514,2.02694740247518,1.38397274290649,0.206218468607506,2.77988777636017,0.0844259802799072,16.4468459964782,3.78182535322347,1.05227776798425,1.95363493612459,2.82190642800914,2.77563420436479,2.73849937915422,2.54208817219416,3.31233116831769,7.8358917884869,8.20114041493274,0.327885149510714,0.288403234440015,1.77088327406976,2.22177264556315,2.05948892388912,0.0247671878648494,0.152606560460187,1.08948825887576,0.869325993694613,1.40785697849974
TE02057|TBL_comb48_EPIDRAFT_1000356,0.0845686733422583,0.793797456125116,16.5083788752308,11.4925451386108,3.06596387597293,0.314849529641524,0.663154851955684,0.489485811137461,0.496850166444551,0.927714837073778,0.6125087079029,0.0276537005844888,2.08424537903818,2.37433382921807,1.85346836154927,0.00693522737297158,0.0422870314417055,1.82154662890274e-13,0.499739663522659,5.01338719437615,4.73844542024771,0.211731926513659,1.62790152844396,0.0364227940710771,3.98966802838155,0.858161116141026,0.191506598349123,0.629888963400293,0.954608132858515,0.45999000381185,0.334935869559783,0.0739956667075814,0.204894370339407,9.45702794087623,4.96282506516517,0.152275534526328,2.39854236869323,4.33593326870729,0.00700306555180847,7.88110759753732,3.29565320099662,1.26700834857268,0.775706587995394,0.456033666244314,0.458921151794852
TE02093|TBL_comb48_EPIDRAFT_1000098,0.143253914435602,0.0116156561957988,0.0167466350231762,0.00305403880201352,0.0293238652334395,0.0208107048225565,0.00183700843693623,0.00591349543824125,0.449010074421036,0.259696842737882,0.422308335700605,0.0194452927801133,0.285695492396524,1.86388764408475,9.55360649055482,1.38972413188175,1.27831975204654,0.305721342191033,2.46381230786944,3.16346061908427,2.6239527847456,0.12534338506967,3.26660991952308,0.222225352147141,1.61820162887052,0.201172594098878,0.559266037742549,2.48545203418499,4.32591346227225,1.80764545782919,1.19649065722022,0.497215001358739,4.11289227012629,2.76603767822882,1.50977161471875,5.18843162924654e-07,1.3577943697985,0.381796384970535,0.00219714195162255,0.451083974619265,0.549280146487947,0.719018742103024,1.59705360504321,1.9992333646284,0.949311580187558
TE02094|TBL_comb48_EPIDRAFT_1000008,0.260157808754959,0.0465115702076317,0.0997068144653618,0.11154123025961,0.169210332038677,0.083616755509727,0.00570640947530525,0.0662073562786639,0.396918939734556,0.485916532747659,0.199990787505369,0.00936132439813673,0.244436968661716,2.1870432864425,14.9950932236911,1.13851915882302,0.243044305177461,0.000133727272128714,2.00129401766677,2.75752382870792,1.98181463004922,0.214684028065971,4.80364468397758,0.0624319598067672,2.17511113868451,0.251709202485396,0.628431333882677,3.01258111590836,7.38336427269064,3.32151632217929,2.0692941585899,0.97138038253266,7.53938741217511,0.819914391727265,0.591922400803834,0.00535371355816602,0.344996438684938,0.137182906998524,0.0383980132168496,0.0971495098766324,0.223034698177009,0.235387245699375,0.260868537177055,0.521411463972588,0.28903545649095
TE02167|TBL_comb48_EPIDRAFT_1000160,1.13233831643446,0.0086417535753551,0.246588988908204,0.300908499181042,1.74400246113015,0.308032361354113,0.144385837092041,0.6226493277802,5.54254099995492,6.14393192761266,6.8388167840453,0.0522709542690322,8.37571797704213,11.2000971713242,48.1209575492022,0.950481710577671,0.669422810525343,0.000362847187858023,0.475423122505047,2.47253051874241,2.00551408627837,0.0920798523044043,4.2225461279491,0.0519144366558391,1.62891141359917,0.0908864532531255,0.389699391537056,2.37178060746773,4.72894172928084,1.75406346785529,2.05662330888435,1.37063024620791,5.14480374365632,1.22728696478562,0.619508628304926,0.00186611931593732,0.16430448449394,0.337591250687265,0.00255885604054097,0.226812782682653,0.0705160647368767,0.388909491731852,0.49425905166718,1.42928772071783,0.778684941193597
TE02215|TBL_comb48_EPIDRAFT_1000053,0.0423996003625393,0.0179854502427578,0.0165552119984627,0.0576130958651066,0.176809644408226,0.0297936625081539,0.0683821569559097,0.0447656189587116,0.188985157331705,0.0927264311776638,0.0400193033859014,0.000967181992015839,0.0158707575192928,7.47736130166054e-05,0.000266450408520699,0.000256433851354122,0.00114267497551441,0.000653091454997063,4.48249698734283e-05,0.0145511626822472,0.0368585641074657,0.00293639817883968,0.0100798644688606,0.00166272993413448,0.758620629208088,0.53146688134861,0.254247779381275,1.26332506123884,0.986530369719076,0.240976142223167,0.3958681924119,0.280238759867859,0.440349576706171,8.03366889653206,22.1698731581211,0.676572904056549,0.480766098185062,0.278150500298309,9.64880169153213e-06,0.375268216785717,0.368279283657503,0.0377184883805513,0.368756917853642,0.309424526525688,0.863413708748984
TE02365|TBL_comb48_EPIDRAFT_1000002,1.516349375,0.15163325,0.195843875,0.1808685,0.44301925,0.1265426875,0.10649358125,0.168537375,0.5663436875,1.33122875,0.4666131875,0.231380625,1.14276875,2.3422375,3.44498625,0.8421518125,5.21781375,0.0183851575,5.00478875,3.109648125,3.06593125,0.496585,2.218429375,0.06796075,5.472745,0.7483466875,0.5013175,1.48309125,3.256863125,1.19687625,1.924895,0.8096265,10.0634325,26.80925,20.40713125,0.808867625,5.271000625,2.2771475,0.009532345,3.545103125,4.704655,2.5968525,6.208116875,9.289318125,7.14246
TE02366|TBL_comb48_EPIDRAFT_1000007,0.0972119372467041,0.111738654317627,10.8094326359558,3.96249912252808,4.74452473144531,0.591429194915772,0.19191561159668,0.527891022644043,0.232699288494873,0.390372630459595,0.0733727618255615,0.03211149921875,0.0455656557678223,0.0399017373388672,0.000162406707763672,9.12510813903809e-05,0.00801961476135254,1.10223556518555e-06,7.36929779052734e-06,0.00498900678710937,0.00891238467712402,0.000443315836791992,0.905181826873779,0.232843384033203,26.1142311355591,3.0849991394043,0.861106238372803,0.250126327557373,0.104537500192871,0.0695672836135864,0.038347136126709,1.25265879458618,0.0492080864318848,0.400087865234375,0.0563456120111084,7.67920852661133e-05,0.000682000726318359,0.195176222900391,0.000142799472045898,0.295190719549561,0.000495283662414551,0.140228413119507,0.113875495050049,0.792692803741455,0.382398481506348
TE02443|TBL_comb48_EPIDRAFT_1000172,0.0445865365978716,0.0569456823045739,0.478898269810695,0.410522269826972,0.714447335375608,0.974266584677854,2.01133134934534,2.18920609776146,4.50084717544984,7.36112956580475,0.0666727973715024,1.29853792485843e-09,1.59307697115172e-07,0.0150550056311566,0.0114348384435795,0.000500929305338533,0.029858473075368,0.177940866909292,0.000269916646934349,0.196868539996018,0.0234224760128343,0.152891831788682,0.314934104073514,0.0318931248187329,7.72229940169533,3.16342060035099,3.68700215489784,4.07249350289557,6.99502539681336,3.97290336879803,5.95511814101153,6.08912894605651,0.142770436056418,6.9516658218463,2.79616311089533,0.535715212395165,0.922060320580571,0.216807063933526,0.0209935866772855,0.0676990203795436,0.657352114696627,0.186470591384896,0.530116011627415,0.556425598022486,0.357376143752177
TE02493|TBL_comb48_EPIDRAFT_1000015,0.24233098419241,0.00319651028832711,0.00246740390354122,0.000716663556683885,1.43366913548932,0.412477990064628,0.361084198918783,2.19112993223006,3.65571530175485,1.45391175586812,4.66221405286524,0.00726463013085224,2.9372074017237,0.245067356232121,0.256713632978808,0.0318617082325353,0.118075025232775,0.00380190170427094,0.16624873140338,0.717221976431886,0.471631628013281,0.0199524931712499,1.71958599260832,0.0209511163179639,16.2793153337849,1.78596264153009,2.93235744972272,5.439565794865,14.474879964932,16.6116492240393,3.60135266962747,3.1105449903597,0.806235700002162,0.029198420278368,0.0023368837918633,1.72067089322529e-05,0.0782257220811282,0.0614774399330591,0.18456743693798,0.138949309465367,0.231481024186184,0.206543589954463,0.571987584311769,1.36696546772059,0.544270967611264
TE02668|TBL_comb48_EPIDRAFT_1000110,2.06374680293392e-10,0.0398482932282107,4.71939375990372,1.66332316828835,1.15878774737307,3.24470378111776,1.74777120442566,0.790007518515056,0.9367063533348,0.499675554753139,0.224048502493524,0.000214559688276387,0.140720383327915,0.0145382415938057,0.0036654320442549,3.60927094595543e-07,0.0624196370521942,1.47661538492439e-16,0.175038368089699,1.74125376093967,2.45480008867455,0.261525757025025,0.703021252104529,0.112725745951617,7.60845246018556,3.8650722879842,2.74062155229275,2.58144409726977,2.47057486479848,0.346300794706924,0.898809887729758,0.241181186013924,0.374698656944375,7.47381249490617,15.7061318210907,0.821890818611148,0.476607206631873,0.464593302300346,0.621810477066221,2.64462621125998,0.40479295709479,0.17962005385578,0.499949657544932,0.709922163048926,1.0969258295702
TE02739|TBL_comb48_EPIDRAFT_1001215,1.4463671686827e-10,5.36175838606802e-22,0.245674025945127,0.0328343226285582,0.0305766325526152,0.0202954158226576,0.00370653538757055,0.070819758524009,0.281020824692283,0.0665616926662556,0.0287630312655739,7.02164460648498e-31,0.000234219471776993,0.0025040352614895,1.35101941398811e-10,2.05352989726843e-14,0.00092408570768205,1.71403586552857e-32,2.89237858791986e-06,0.0248935782880076,0.0119422671015967,0.0180065000608784,0.00145561214715963,3.04946628515101e-10,0.528542132217613,0.428359354581305,0.633226721089775,0.92481829889609,0.915908188617388,0.387738731035174,0.439648841009767,0.103501728286396,0.350457038320593,6.98245427257511,13.6167179841499,0.52605970859344,0.195724847001298,0.174089375525424,1.55358696693013e-07,0.38918581085254,0.158189194595074,0.191439334652856,0.0752612605665068,0.251782257699047,0.588531097076805
TE02754|TBL_comb48_EPIDRAFT_1000031,0.279055067301459,0.448944695612956,1.21375589126935,0.849954672472341,0.837076987460735,0.109122455885641,0.166236298326402,0.897888068100251,1.53489071686234,2.11566844910994,2.52521295202938,0.313067452122992,4.75091450427575,8.40643620256778,4.85419446313026,0.118369008047164,0.285317906459312,0.00380970648106548,1.05513715500911,9.35149728181324,4.84161434566162,0.404148335348223,5.65652678135563,0.118586235952199,4.55558785062054,0.416785682545253,1.56220000796494,3.69556303007644,4.53766071691817,2.4108140597243,2.66356843355865,1.87431988142083,3.92919820951064,4.94540435036657,1.25485277058117,0.0427185988566375,1.72733693314878,1.4948358258399,0.354136215111569,0.596331468936274,1.414038687961,1.33768423029671,2.205643374218,2.90551297804524,2.09215541956958
TE02973|TBL_comb48_EPIDRAFT_1000033,0.196898755153323,0.762184556725168,3.07696209084648,4.18914107736026,1.82070890461456,0.0879092976187629,0.11512843814028,0.243297852154942,0.806493022358831,1.47792464374039,2.70499222064032,0.491009686354068,3.62967438600114,3.04335283941993,0.772882244888704,0.0322842521232862,0.0706459020054658,5.37922250189645e-08,0.408682882009385,1.37488023550153,0.695661185490244,0.0668363001244892,0.986349075696892,0.0141840806680541,3.40713346441762,0.753453288372855,0.222541179243487,0.384811651065013,0.699679208552912,0.849958772875932,0.763735916974301,0.492978364212686,4.17504897896863,30.538267683573,25.0188552036915,0.656766138246883,5.52945580324632,2.29824764994449,2.47538981849288,1.63052661927273,1.27924210177512,0.66452353966121,1.21290717795383,1.71207144952923,1.82803304782179
TE03032|TBL_comb48_EPIDRAFT_1000144,0.00131441850952148,0.000164517542724609,0.372225924865723,0.452551666809082,10.8254595233154,7.58703368560791,4.52137656616211,13.0660128479004,2.88442544799805,2.84123676452637,11.2793480767822,0.774774572875977,3.88523651763916,0.357425060491943,0.055037595791626,0.0498254558447266,2.998771484375e-05,0.00293594805999756,0.00232138790405273,0.468583479888916,0.0259322702850342,0,2.60407754638672,0.0645424928527832,9.29215088409424,1.57306398895264,0.947669786254883,1.1366459019165,1.03222660528564,0.240472909973145,2.91539409973145,1.94197946075439,0.0247419772399902,0.161600737207031,0.0284704195648193,0.0169775039556885,0.0053263459979248,0.191840725653076,4.12724422515869,9.1328719418335,0.0371615635528564,1.31571054107666,1.07305402191162,1.99581967285156,0.822112497955322
TE03034|TBL_comb48_EPIDRAFT_1001590,2.04645681312033e-07,3.46552883295342e-05,0.0807995838696302,0.459859430132464,2.9805168588055,0.146879005332271,0.0457030051692796,1.1517103100991,0.900034148976482,0.520242339842443,2.32819720722619,1.22183595604813,5.07408525608751,8.62051199334946,40.2413365173266,0.608663946151919,0.31894618430647,0.00178784273614152,0.414631068403633,1.17745717210917,1.07864670068028,0.189872039997933,3.35875296603995,0.0582792958069874,1.70662561203134,0.446455423756992,0.432859670848468,1.7223591440878,3.19264954592859,1.4924584164067,1.5852469482635,0.634018116212719,3.17406426020686,0.011981710386997,0.00324958500665626,5.48590092306664e-06,7.25622481614705e-10,0.0118490003760557,0.00353329746437259,0.000175410581905718,3.70759423482512e-08,0.00865989401846264,0.00388769567669312,0.0685561086144705,0.28557573654113
TE03083|TBL_comb48_EPIDRAFT_1000004,0.0805277183071451,0.00878554334884136,0.964764136864506,0.611832935352866,1.98136616476736,3.22266546401423,4.03338435046955,4.46134417032468,9.41778251864508,17.539394158845,0.424330305908519,0.101356660400665,0.684708702290687,0.113114739342567,0.24031921035387,0.00132148692813191,0.143377732777998,0.113997158920926,0.0661724780529337,0.27291940520341,0.110452208873607,0.102188837719987,0.52396676948348,0.0763805961460471,19.5279340690725,6.79389570687484,5.56212445648915,6.81296213477639,13.5129291927489,7.31418265598249,10.2773624511331,16.3108155237548,0.569808528414405,12.5078966490591,4.78248216181671,1.09489859304166,1.44775814211773,0.457744025468563,0.0723985820550064,0.125967616344672,0.833346638512019,0.175134352559285,0.935243477297881,2.07395877473657,1.04960680074178
TE03207|TBL_comb48_EPIDRAFT_1000145,0.161557958005311,0.367985675743634,0.967178074917875,1.20175550246336,1.66411669581147,0.335294009072247,0.42529979197692,0.430718866784513,0.485633703804321,1.21598442976438,1.76759187731443,0.560290204654173,1.09142451132783,0.675000606495751,1.05256779510462,0.00063253073449659,0.00771391299466989,3.95801206729601e-06,0.00731750267078273,0.154381261024922,0.255251579145068,0.0695917098485675,0.48806930853618,0.0753033461046267,4.20141615344356,1.21982889319507,0.377828214385293,0.759079629365764,1.97536767590309,1.06850284606235,0.523769965204088,0.42733159094089,2.5150896911105,11.9950648153985,12.9919613396447,0.693751205983963,6.06092235521636,2.17031341526305,1.63617525833328,1.54540020194867,1.04273524954138,0.278443846124343,0.52000377864821,0.583097232790949,0.318408209031923
TE03232|TBL_comb48_EPIDRAFT_1000147,0.0523898669165039,0.0915108420600891,0.194014790407257,0.323563198669281,0.251339204510536,0.373247402670288,0.24610108984375,0.212249666750488,0.139740403593216,0.761757777840118,0.0932691977163696,0.196169264044189,0.238809768323975,1.04520211834595,1.52333167421951,0.0564657431650925,0.0344466351089478,6.30057922363281e-06,0.476750736851807,0.198982247201424,0.0777638707954407,0.0172301382572174,0.0704719183944702,2.47256324005127e-05,1.76753712653656,0.241344445288849,0.0410415834926605,0.255822241840363,0.219264064750671,0.031198937501297,0.00610979220809937,0.011335703313446,0.340947520083084,14.8764959598541,14.0390296154022,0.119289274121094,0.647365023262024,0.146086412200928,0.0510698369114685,0.0521947762191772,0.119200012961578,0.0505362221359253,0.101321771218109,0.0319315922172546,0.103527047636414
TE03256|TBL_comb48_EPIDRAFT_1000108,0.000214895123869093,4.97705928294012e-12,0.030852025828527,0.323406438211912,0.723061590692544,2.01319509771127,1.6019943316302,6.97165157272145,1.16957825821748,0.779978388811406,0.148117967627481,0.00070430390625,0.00667471507313945,0.000376782973857222,0.000125078129015574,1.80806243763092e-08,0.0858880274947337,4.83041283113089e-52,0.00588902190426126,0.229012101821123,0.494631613273049,0.0192307255424211,0.726647654557394,0.0472931015733987,14.2094721341346,5.58233937045678,1.18914851570522,1.04640795070784,1.23947473458332,0.741760094151955,1.13749389969093,1.28729954710907,1.20490438226151,4.80115030816176,2.72510441965533,0.223146377909188,0.0165592155902014,0.160650687856317,0.134428180789801,1.98147435242561,0.286807024170111,0.106833171223411,0.615389995994017,0.605461008622767,0.691284642317625
TE03475|TBL_comb48_EPIDRAFT_1000063,2.5636474609384e-05,0.0392348699249132,4.83149797832645e-10,3.42201652909688e-10,3.79339419819815e-06,5.79757062532504e-10,3.42163367163809e-07,0.000270752356100305,0.000718967257359824,0.0940040170385922,0.112734556057713,0.0648404289141472,0.763428524314871,0.930554151833297,0.335656430312293,0.00656299351347344,4.61858939644378e-07,1.53899115673539e-18,0.031403035526441,0.960064956197481,0.609768001086844,0.0743418631342573,0.42637809836689,0.00755410662384305,0.445198125092227,0.247335123363463,0.256128232857921,0.464836486142636,1.02080699378344,1.01491189345276,1.47514999169481,0.568492314443304,3.49205863130939,5.46947903387332,8.80843552638371,0.672313789435204,8.08607690892896,8.69741664917867,5.10507958843611,6.03253227357112,1.51032625378416,0.600665402618561,0.264151450684389,0.338966175258911,0.459815697259742
TE03591|TBL_comb48_EPIDRAFT_1000089,0.10553564609375,0.053730148046875,13.714845703125,3.1227560546875,12.158524609375,4.144453515625,1.9301904296875,3.98846578125,0.4851596875,0.554753734375,0.18589159921875,0.0436508875,0.056038352734375,0.01122363671875,0.001944120703125,0.0011927887109375,0.016990702890625,1.67133984375e-05,0.020698340625,0.244691984375,0.038224065234375,0.0353336172265625,2.182512109375,0.24354911328125,35.382259375,5.7431051953125,1.7295297265625,0.7610290234375,0.313003078125,0.040004615625,0.93169378125,0.7954836171875,0.029121419140625,0.03376653125,0.012479419921875,0.0004791905078125,0.00011463046875,0.02522120578125,0.046330692578125,0.32272771875,0.0158012612890625,0.048667728125,0.097962031171875,0.2774353984375,0.3404663515625
TE03598|TBL_comb48_EPIDRAFT_1000759,1.86963449837446,0.774875179397017,1.8200246553421,0.419569210998386,1.67342702925116,0.403241203038067,0.403543244539171,0.590355300947875,0.328914087813497,0.637268525998831,0.0971458345950246,0.407048449920624,0.741862498728663,1.5054271478945,0.100017850682831,6.65740966796875e-08,0.000266273739814758,0.0450931320090726,0.00912306893840432,0.341299487051427,0.331192150463343,0.0626569338349998,0.421288829965144,0.0111582250238895,11.4717949758732,1.41395447218388,0.312831655948281,0.833241352933049,1.07404935035676,0.548093996980727,0.233972043120801,0.0917524741031498,0.692831394004166,4.20519647633284,5.95733758057922,0.239724789480996,3.90126790737689,2.25575215963274,0.10719095603855,0.509643415287852,5.67177369824678,0.555665603675455,5.65037251837134,2.07931253267765,0.960460400348961
TE03795|TBL_comb48_EPIDRAFT_1001760,0.0166183488634899,0.0720451162268886,21.6570698841688,9.49397570169417,1.07558878634289,0.156496360666101,0.319656381899938,1.49860860778444,0.656574335742425,3.90808742135873,0.768674636345165,0.453864591098576,0.348894296133615,0.30014222460254,0.552751715831855,7.95172820502426e-07,0.340743188359734,0.53569554951425,0.254977911177106,0.96253525689076,1.0322674702442,0.310462913413029,1.11401155846215,0.0508846026635679,3.11945842936074,1.07245604028507,0.146981605915842,0.477614081396334,0.687187395783508,0.213505418714413,0.249179958997077,0.393804606884845,2.25298766820951,5.10725070212963,4.6905720330614,0.0918229658932375,0.138445361426668,0.291881367631201,1.24771163708911,0.528654726532089,0.0352429841147333,0.00214084891895871,0.49423243018269,0.560520485659076,1.08338521874808
TE03838|TBL_comb48_EPIDRAFT_1000195,3.50634793363781e-11,7.52243661577457e-09,0.00528377956206918,0.0014531881912794,2.58612260952271e-06,3.56965798626956e-12,5.2412896618727e-13,0.053141000008744,7.16342601864004e-11,2.13625937938602e-09,0.170513000012892,0.017016800001892,7.63206966317773e-16,1.54714192889002e-07,0.0494824941774738,1.31495378852448e-12,0.00106616626586958,3.17999880650188e-12,0.0427431794367325,6.32775525708548e-05,3.2149270614263e-10,3.45628944904433e-12,0.0356883620273004,5.31049230289682e-11,0.387606666609322,0.127593140714693,2.48623712815739e-05,0.0516199969159977,0.2166472652419,1.67158252976589,2.51258518868684,0.109606419760415,0.127564864773501,5.79713716189571,15.7838365247606,0.658474285684691,1.02188427111173,1.13572414555176,0.307951202543211,11.6435634681625,0.867827127549292,0.175429547074615,0.502688712358139,1.00998991336784,1.65457091595566
TE04163|TBL_comb48_EPIDRAFT_1000874,1.68721223914736,0.404161758900604,0.515285096239209,1.51044190646565,1.05570741237124,0.138922368852788,0.285791100592299,0.307319259412991,0.475912251665571,1.32754017775035,1.26357882608486,1.75924295138802,1.42240028780613,3.6500939816745,4.80328919904886,1.24332460590569,0.51663601559249,0.00538358125,0.801899222957291,0.650333970291388,0.673819849795989,0.0176640611348161,0.615306174472694,4.04783619795803e-05,0.781242320384711,0.13616955646726,0.0102050922030249,0.308121105236713,0.507667424547508,0.194017569781628,0.30427753287781,0.14638240007235,4.47369780724538,4.12368175386704,5.48403148021653,0.353032619490422,1.24102559576909,1.14193238714609,1.87623597726148,0.773533823718326,1.0839852525688,0.28823091965442,0.454377385104477,0.341691285538349,0.351686089625133
TE04180|TBL_comb48_EPIDRAFT_1002466,0.152227381175318,0.762437636343448,6.43000283935785,8.47678825535553,4.16753086978187,0.480075540918659,0.523344927428995,1.23003155245633,0.411016015446512,0.778603592960476,0.15339701088675,0.0184973809569015,0.0440984519214594,0.0204234504512995,0.0366418165703776,4.29455109692649e-06,6.95692472124892e-07,0,0.0470903342243717,1.41534589377392,1.28843137622988,0.198904564861026,1.96955892087811,0.112528422625918,5.789971271084,1.6067061433403,0.52200680747569,0.686755786965196,0.468613452648199,0.163907686503213,0.173949387300112,0.128977524509913,0.685864894573047,0.684641304307466,0.883252637660474,0.0161698514060389,0.521844476244484,0.887936557127191,5.80277258688055,1.25226558361294,0.0725771703500368,0.0771371119369095,0.337395534755599,1.20117774673561,1.96992644929543
TE04208|TBL_comb48_EPIDRAFT_1000311,1.58588577650869e-07,1.30081898532823e-11,9.04090357178363e-12,3.08863236577149e-10,0.00562447500000002,0.000860559960938915,4.23837932106022e-06,0.0219040266823864,0.0720203890965128,0.408995765736171,0.664757698722504,0.26600989830921,0.484476545858153,0.823833139821099,0.63332819537733,0.0417281983125812,0.00151753098806063,8.94447111932114e-15,0.009935912763687,0.186969759452372,0.154825039614537,0.02288286729872,0.693612997323762,0.053061151289429,3.55227655987668,0.539249209181153,0.146324269031311,0.213410752137167,0.140163280942051,0.104011634132162,0.934001420341159,0.633819785359901,4.45171331583296,6.93397597801586,10.0481003522687,0.739849643112032,4.51087708628028,1.82892996604177,2.33630243578099,3.10268551853152,0.485845563313031,0.679926433603216,0.727829581771424,1.3286458801791,2.73803514972718
TE04217|TBL_comb48_EPIDRAFT_1000077,0.00359487734375,0.036516647265625,0.17660533984375,0.00390772265625,0.2803134921875,0.253771796875,0.092126159375,0.172035471875,0.77275207421875,0.545407859375,1.2643321875,0.009103566015625,1.35221575,0.191072140625,0.102606823046875,0.022950203515625,0.0371735146875,0.0041541547265625,0.046882325390625,0.20397333203125,0.216377225,0.02853120234375,2.415423828125,0.0736914796875,7.5174033203125,0.253532103125,4.5264166015625,2.9502559375,3.1115916796875,1.3570018359375,17.92756015625,17.143590234375,0.3958360546875,0.1383327890625,0.028542393359375,0.0033495643359375,0.06121649296875,0.034074440625,4.20322265625e-05,0.4836648125,0.067472656640625,1.279710765625,0.6796341953125,2.8680032421875,1.86857890625
TE04446|TBL_comb48_EPIDRAFT_1001611,1.07150350670316,1.22296694217373,0.512534016484981,0.695987352005326,0.718141493605753,0.665996748791138,0.418819304041283,1.32391445586974,0.268089753841388,0.0494742486958128,0.0727921943040169,1.63944053650291e-07,0.000760226648523995,0.00632383377956859,0.000485343932930562,2.68858398437653e-05,0.229061173918467,2.46894923212811,0.95689727160156,1.013474445207,0.878334040287896,0.14494896311122,0.43566684032809,7.46980433341233e-05,3.80991467407129,0.521671229275666,0.23074150170097,0.279627911338088,0.313601280755696,0.253645529875826,0.383624940620828,0.858717618573998,2.645711386178,2.23722265890804,4.05381366255579,0.187306934210136,1.28525370438672,1.06068870857696,0.0159595139125563,1.52827243087209,0.176063490832084,0.00312687547961392,0.281911261311938,0.342691432106565,1.40164166093107
TE04467|TBL_comb48_EPIDRAFT_1000001,0.0067024125,0.04054317625,0.0263437875,0.02163153,0.13862745,0.0302024275,0.004445975,0.0238176875,0.0145994,0.00215232625,0.302243625,0.03288897625,0.22931175,0.593704625,34.559875,0.34042625,0.0834830125,0.02177140375,0.10763055,0.966551,0.265885125,0.0121957,11.5128125,0.114803725,13.605575,1.718985,2.497265,1.6704325,1.1898825,0.205647625,7.37721625,1.46262625,0.154930575,0.2334215,0.03107075,0.00152400875,0.0065070375,0.05271845,0.0406820125,0.421835375,0.0301230125,0.141115375,0.1011543,0.386523,0.1577373
TE04501|TBL_comb48_EPIDRAFT_1000403,0.00623565450238604,1.88309431348066e-08,3.71115848959644e-12,2.50559309081508e-11,5.76929698355849e-13,1.1663322450293e-07,2.90600955510047e-10,0.00910644837155612,0.160169520272724,0.40320950445097,0.230497555688697,0.0945943150866999,0.145006707269786,0.0429356590133469,0.0754242209230652,0.000682974280299908,0.0613836670056249,2.08115606137316e-15,0.0301334202191468,0.00400852905444515,0.0087622547663806,2.0687130886724e-05,0.023074872875469,0.000560213980367526,1.58776171616888,1.65398942986046,2.24300510510102,1.4716590525634,1.89643110815696,0.170527573429249,0.601245645169484,1.47627506861471,17.9531899307917,2.08844792617761,3.04566790044912,0.473056707275091,0.518584525057028,0.0778787734262149,0.07810757626025,0.282228615018337,0.570083559823362,0.174390981114822,0.565482527887902,0.857489076449377,1.40163505307314
TE04543|TBL_comb48_EPIDRAFT_1002024,0.376696810178517,0.235170599381272,6.68575315593841,3.10624733617631,2.9842387660437,0.810736444417616,1.09806050568635,0.849626820213414,1.30314159784542,4.74498920186402,0.403723755961927,1.85525719984833,0.756589476184015,2.28578997820012,2.88003045150294,9.56040781346981e-05,0.00234015210539543,4.58012104034424e-08,0.181402028436792,0.879573913899704,0.832892558216905,0.0759667660268197,0.87915403863651,0.0533699339310191,2.89460405928861,0.779877264896128,0.119635842291499,0.470505550897549,1.3447050203164,0.561246478021165,0.459825279310645,0.728037401514426,3.3282557852766,0.993297645821178,1.03000794026155,0.00642257316579793,0.404458229257938,0.695301862658178,1.51879933110687,1.73068947382412,0.23985537318003,0.303999281411456,0.195671187667305,0.366573508681123,0.768459082972533
TE04548|TBL_comb48_EPIDRAFT_1000579,0.824108553903487,0.0303483276465486,0.0163328727751752,0.00266313680215437,0.686120103418858,0.251089850480327,0.0349055502608245,0.344026213621372,1.16291047175752,1.44907048133485,1.04282539728458,2.59451577924708e-06,0.704484828985973,0.339539917971576,0.216993720264664,0.139137459379627,0.218750936215665,5.44545027338274e-05,0.346970891148917,1.5757085147879,1.02400361854184,0.24296425932529,1.0358876971755,0.0759186968640437,3.9739140167278,0.162180483416826,1.0876957484973,2.90713158514243,6.12522906645724,4.14079661116944,2.69724530844523,1.4962795773411,0.647285582088766,1.22854645547488,0.659089275357328,0.0108808727333481,0.303518335841317,0.336812662115952,0.164680475454432,0.344124384181773,0.447997948145533,1.67180487329527,2.44913001298179,2.03843209704541,0.782643777443964
TE04549|TBL_comb48_EPIDRAFT_1000413,0.869766986629097,0.0791314081799141,1.25027426084531e-08,4.5967300151073e-10,0.910554355126536,0.19823711559849,0.093683859698745,0.183453041013757,1.07284327134896,1.71599059389589,0.561066387521588,5.56514187928769e-10,0.770575606938698,0.555246080637026,0.416030575435326,0.0960854325397434,0.173163277661072,1.3665253975317e-10,0.408209218090857,1.27532299046753,1.32973887630674,0.131073103416104,1.40910767076376,0.0573423186449627,3.33818532586525,0.218233929904056,0.807926509110725,2.64844800346875,7.03421997985469,3.50884674978132,2.75870681410316,2.04094514199597,0.610019012840449,1.63222420430507,0.66644828844576,0.0115782387207139,0.292250258849815,0.509860499280616,0.129100663091573,0.423978648215393,0.519969798735674,1.88376830472613,1.48862917112771,1.51103782057265,0.80586884345998
TE04605|TBL_comb48_EPIDRAFT_1000151,0.00054534634158267,0.169395390301974,3.50810239449562,7.2593923764245,2.64009440097627,0.077647672931802,0.0227423479360448,0.149180163470887,0.261333277312673,0.0910675401415377,3.09684429178679,0.288361580593916,0.949784459776757,0.15813151896791,0.0416071257210142,5.73571190543021e-18,8.26778733343035e-11,0.0001582203125,0.577576612193108,4.31951901348767,7.71378928223148,0.294467038084429,1.73141593955972,0.0365142935328271,5.55610866468577,0.469334779940037,0.0442867173649564,0.222977701915087,0.443674009482028,0.132680846139504,0.329617532015996,0.0266541080669224,0.0252023296221745,0.376646464975576,0.335362923324894,0.0127732953095054,0.0230995347942417,0.00611225698992532,0.283002489414778,0.7158679217928,0.039181691275521,0.00413303039789205,0.0733513011808113,1.7415878018266,1.65601997431958
TE04702|TBL_comb48_EPIDRAFT_1002167,0.0171424612429792,0.0560629989548167,0.284728764855449,0.0937445186785509,0.388000372503241,0.286317431334272,0.279381626485253,0.149685358882678,0.0973152833069398,1.12811564390008,0.109260988274077,0.115049569943713,0.226668202361437,1.37120895917184,1.20835377196178,0.0470803554711533,0.0105383464789952,0,0.408444658297943,0.205810664809127,0.0725754675579204,0.0195633116041391,0.336276145205177,5.74875560375791e-07,2.19698191134938,0.510484938469552,0.0515914290421637,0.15308436575187,0.675592883493418,0.0183472104423883,0.040325492576921,0.00548089162832608,0.460237071224579,13.431961302991,14.8272485098097,0.169327423901946,0.302620242252645,0.104610106881019,0.0964670871211683,0.102985785825517,0.171393270517123,0.000253260890500884,0.0817716501296642,0.0112957680817363,0.210550582417567
TE04806|TBL_comb48_EPIDRAFT_1002050,1.55632356621131,1.07194493644965,3.05212430735153,3.03158635566129,3.24101637568499,0.934583620785493,0.522322208243231,0.324169670974379,0.576574963314674,1.3708239838458,0.124358028712912,0.044120937793627,0.0728626383347307,0.246512349727778,0.439786600404732,0.00090630360667377,0.0056912623699576,0,0.95037832465959,1.99632442452561,1.69188859608299,0.257464273019962,1.31213782876507,0.0616721043679582,5.49249397007544,0.986918405131968,0.300168452803568,0.130000371885066,0.277816487933123,0.137005541888063,0.218762348243791,0.289125537013236,1.22883621228563,0.0341875187947193,0.115774168007776,9.93544924616373e-05,0.646244054780831,2.95293434530749,0.59499526921322,2.52217894230717,1.05149194102167,0.241811916464983,0.233311329703542,0.569180175407824,0.624465367394219
TE04807|TBL_comb48_EPIDRAFT_1001260,0.317545476321402,0.0310709204378122,1.38616869815501,1.55044293197999,2.72804582449033,0.848078864149465,0.486226552036531,0.970217932521672,0.992179290775687,1.31455980132848,0.0864272687951428,0.0726373506268485,0.25970184841836,0.657930660579419,1.83948049552712,0.0212071677299257,0.731240917825496,0.0622393086058508,0.61586802503831,0.766840373854335,0.576721931076496,0.223607152622432,0.525777538009517,0.0446297664841074,2.77922709233199,0.750166583668912,0.15322585319598,0.536432179578489,0.621679525265288,0.282684757619528,0.411728672037925,0.129625124538615,3.80640487244544,1.71428761687063,1.0307425152345,0.0121549845590256,1.08458540103803,0.779305900663715,1.5075803140794,3.33564744895867,0.592844808353358,0.350576551672449,0.599602374243905,0.535960264958597,0.524223096215906
TE05011|TBL_comb48_EPIDRAFT_1000006,0.296934145669867,0.0230519298972749,12.7623480110948,2.32347768775004,4.97140413909567,0.901057171036382,0.340800683320741,0.832001582887679,0.318705100741244,0.57743500825421,0.151274596967892,0.00126096654130607,0.0592579406123647,0.00109647183574091,0.00129332255649903,7.48881552393141e-08,7.88871196743566e-07,8.80183652043343e-13,2.39713102548031e-05,0.000129249279879295,0.00157695429019422,0.000703480304043712,1.29616792778832,0.134804255151806,24.1844692809512,2.76082875013439,0.706788470527489,0.187090132815219,0.00538407818618543,8.39598744352857e-06,0.0623919651791949,0.542962199352743,0.0358261515660759,0.185877541539628,0.037510481975711,0.000292487139391012,0.00714501841984912,0.06490351208078,0.000445215774943633,0.276476466004939,1.98592012460649e-07,0.0414235117243586,0.0182911391083134,0.705660682476939,0.411353557164252
TE05136|TBL_comb48_EPIDRAFT_1000253,4.18876635884031,0.00245744857355598,0.0155656250007916,1.0288318625859e-16,1.20874381537293,0.63261488673787,0.316393929888051,0.215740271025064,1.27374037197563,1.67328812760432,0.559443193577563,5.76070592740703e-09,0.67021873605073,0.255152689598243,1.48778480768686,3.77920915318307,1.5165313633673,0.0118576348168105,5.56994034273947,10.1439947310159,8.60758026798899,0.88112963923183,2.77887927999369,0.0976123122082425,1.62103485011684,0.144567127755789,0.202791707840426,1.11491542489212,3.02024383033862,0.967155390498275,0.918384576190208,0.319504915460335,0.986293853950748,0.350563389280642,0.00843920316561845,2.66032438963181e-12,0.0364570605874113,0.0360907198941435,0.0118152506937919,0.144541249647608,0.0895702825486397,0.312034933390015,0.0972645247818259,0.420241047771454,0.480108857658136
TE05144|TBL_comb48_EPIDRAFT_1000064,0.20857196120052,2.8922059730574,5.50481512920614,2.68253860090854,2.3420216974336,0.181432059781896,0.155761392455092,0.164204971762526,0.452710307945088,2.22729112347091,0.381476400442203,0.0912008815462599,0.107818415586094,0.0506304597721743,0.0770199244466843,2.32562348246779e-09,6.06975528550975e-12,2.32195542495725e-27,0.0194648289062529,0.00453673198496809,0.0204401928571212,8.44480042230409e-16,0.000939047769667416,3.37514095009259e-11,0.140263328069342,0.337542069621635,0.023080240254925,0.000132579362342701,0.01996256675235,0.056730070623122,1.02309454740355,1.70349303033258,7.34131092565387,3.07244020790814,7.6611089787953,0.661008611802067,0.296816835259105,0.279590061797012,4.91414455772014,1.24360752694437,0.401519073929424,0.00678754764602939,0.145164035897226,2.09421947293704,1.9415223119083
TE05243|TBL_comb48_EPIDRAFT_1000363,0.002459159375,3.41125996783376e-12,6.23512291494329e-68,1.74547845837089e-85,7.56513393922974e-93,8.37931111163925e-15,5.9663348864729e-29,0.0871042378556286,1.49307667490452,0.9392360842456,6.1778232292951,0.383420868588184,1.80238227884828,1.21481471815536,0.731552404623359,2.8961252519827e-16,0.0476932697760441,8.87385816276947e-09,0.000714373327542121,0.0540214635204217,0.0366720812230212,0.0191690679716312,0.0218677871275997,0.000537681187906553,11.4250117141757,2.9533899456264,0.337148294838401,1.62957031839156,5.21374147856214,1.26300806738477,2.38556039394199,0.707368752468555,0.115287772649319,0.0549012147774816,0.00387892147916919,3.62745553090236e-21,0.000747564204464536,0.0233619863028676,3.09744702217847e-23,0.499797353236311,0.000200140625000142,2.60696106063488e-06,0.0146430670840828,1.41745578019206e-07,0.180222409738037
TE05274|TBL_comb48_EPIDRAFT_1002046,0.4481202178368,0.295212503269305,1.37499169870564,1.55036682744294,1.11539116356273,0.0964748416145284,0.26924009075837,0.309368664437281,0.783925539843744,1.26455965144309,3.18799256635042,0.158472868239272,3.17368798741353,6.57007818547841,7.0868903477688,0.0905943387877144,0.000201953772295618,5.72685242418088e-07,0.0389350497909691,0.0569911013249782,0.0543212577682529,9.06068739850444e-05,0.119706279916857,0.00544156056031292,1.31285498166241,0.288397893034413,0.134316790853708,0.063788518929656,0.388889032113299,0.329865736697031,0.374941919045918,0.383859957192439,0.301965641081231,6.70716985160055,9.90449039502606,0.335336837239963,0.572981117045439,0.230054107304594,0.0170092498375937,0.505950909480942,0.241398694992157,0.656887933702042,0.98228142127926,0.726795862715979,1.1583427604698
TE05453|TBL_comb48_EPIDRAFT_1003811,0.250820866552118,0.547137560439863,4.89619021814041,5.98783650326402,0.976750055687565,0.0192941380977713,0.10477478875963,0.197085415589735,0.201730332119161,0.611555944674396,0.151557651658231,0.662645137660785,0.778440076055375,3.94820705918458,5.29050290451428,0.0356066092344861,0.0836330837168405,8.61143743620564e-22,0.190704316014138,0.861557347466332,1.75354394433399,0.249666211088268,0.323381830934572,0.0387020289869162,1.98234455799498,0.45552285822453,0.219366425116143,0.220797634578608,0.371550576749397,0.275250172980329,0.355260992148406,0.291445206005436,1.89279730235025,1.79101486626225,1.24372597341341,4.5908341796663e-05,0.900829153118642,2.97413490511023,0.324560372487931,3.42611990188189,0.272996669901872,0.221091778793033,0.336475373569505,0.761439159131796,1.00467745519339
TE05707|TBL_comb48_EPIDRAFT_1000114,0.0900481137939453,0.0562520284667969,3.28130924316406,0.590574753173828,2.3197201953125,0.81140325010498,0.282709658447266,0.809313097900391,0.117266940673828,0.146155215917969,0.124899943359375,0.011955038125,0.12514218671875,0.0162954079248047,0.0265539259521484,0.0551294370166016,0.019417031640625,0,0.0305199561035156,0.89423301171875,0.187614336376953,0.0105239261474609,1.48100613134766,0.0721452407958984,20.3848743896484,3.69614852294922,1.18832516333008,0.781962448242188,0.20886371875,0.0392984508300781,1.11344208276367,2.14440429003906,0.464946397753906,1.21693674584961,0.52918128125,0.0207554610351562,0.247324370849609,0.888412244628906,0.00942272421875,3.00279525219727,0.0252449731689453,0.258893130859375,0.122955372167969,0.515196487792969,0.318205226806641
TE05716|TBL_comb48_EPIDRAFT_1000848,0.0407214301985338,0.036013870258019,6.55302452305624,2.53329430330198,0.731530100785638,0.150384747804443,0.153147656047241,0.269208515699497,1.2460290603747,0.489966015742965,1.73862082873395,0.00955247563303945,0.00122554758069675,0.151440737812556,1.00927538233006,0.00125203667793288,8.69690607778562e-10,0.561017913671143,0.0304793259848739,1.26340907992086,0.945880238621944,0.0718365703966376,0.339121916004515,0.0685241809632155,10.3003233216215,2.15711358026468,0.235774406417193,0.480113993622497,0.231186765479065,0.0659046596260428,0.934813407058739,2.79639096266721,4.27094675673576,0.516351702786146,0.179605256264351,1.34778503769815e-35,0.000142592310941098,0.0216760995233099,0.0956319574083481,1.38853047987755,0.0945117910307493,0.044758915420112,0.0075475474982603,1.01897349875262,0.0736285367152393
TE06006|TBL_comb48_EPIDRAFT_1000435,0.000722262982292613,0.000344797922260216,3.520212101512,3.76751982140832,5.79315035119526,0.30005449968372,0.387905788799522,0.991146846479021,0.537576651407832,3.6766492741307,3.08439532140542,0.722742637680201,0.162285047213238,0.228856708891828,0.17674245912044,1.24425570686903e-07,0.0186265630966283,8.29671544707443e-39,1.4010702015707e-08,3.11803495816464e-18,0.0114673875000003,1.45319579974707e-37,6.08739343827659e-05,0.0121675071855693,2.06314381521351,1.48280586966151,0.184396085291769,0.254920426284985,1.0517502864541,1.4926364317616,0.7786469780623,0.287825887696289,0.133012674902205,0.000318769419817174,0.0341618940245355,0.000319986328125038,1.13958194261628,3.87720031821434,1.6489834362322,1.8001438589138,0.162952376617505,0.0321213137487196,0.884677626964349,0.397336090032981,1.06822764213463
TE06226|TBL_comb48_EPIDRAFT_1000005,0,0.0172282,0.00152262934082031,0.000163949592285156,0.0100737924023438,0.00208648461914062,0.00185685326171875,0.0674308165136719,0.037164305625,0.0124581462597656,0.0175041422851562,2.31756591796875e-07,0.00410979072753906,0.00617909102050781,0.00102858362792969,3.93876953125e-07,2.160953125e-05,0,0,0.00015471484375,0,0,0.0292127188989258,0.030173761328125,52.1028081542969,5.62726262939453,0.603975192138672,0.251379188720703,0.0236457435546875,0.00371879797363281,0.0105942740820313,0.00207356875244141,0.000138258918457031,0,0,0,0,0,0.00047445625,0.032922765625,0.0122031932128906,0.105602241357422,0.0156292553955078,0.0120897432373047,0.00157960876953125
TE06310|TBL_comb48_EPIDRAFT_1000074,0.000282607167053223,1.07900042724609e-05,0.046322243069458,0.00707194424514771,0.187009290092468,0.0542481317749023,0.0344921036720276,0.0273553180328369,0.0492875796218872,0.0264533643182373,0.00588289148788452,0.0116673351081848,0.175399033157349,0.0487919060279846,0.146241272249603,0.00279155839561462,0.00845956859451294,0,3.08048400878906e-07,0.000882049444885254,0.000388012260513306,0,0.0388205198699951,0.00148590234886169,15.3851474349976,9.90701325881958,6.90319031242371,4.81611371032715,1.59485792549133,0.108331752696991,1.11803187980652,0.791330376586914,0.061972261348114,0.0695855307937622,0.00159467549133301,0.000353709032287598,0.000701728441009522,0.00701379514450073,0.00336479969726562,0.0226101119873047,9.74992523193359e-07,0.00446799891525269,0.041485323805542,0.0342501987556457,0.00197031430755615
TE06396|TBL_comb48_EPIDRAFT_1003768,0.00725854841048265,0.00999429732241496,0.968708667588074,0.985980754922041,1.69376988001375,0.351682329284365,0.296995704749966,3.16541952330485,0.751047550328499,0.590255109867115,0.750064038496471,0.0162816316855331,0.725530953065914,0.852765765532731,0.542902303068238,6.93254372819324e-06,0.0179363526786737,0,0.0828653859955825,0.315783645087424,0.223255804073557,0.0775337028660452,1.03522830153068,0.0243704307545181,7.60029240756651,1.22690143821117,0.354448675115615,0.451758709901204,1.02984648544484,1.10088332511615,0.983749302530788,1.12200909190652,0.407425326855513,0.0810907506535619,0.23646446673519,0.106986671726463,0.00397089100228008,0.107514294228313,0.151221766760228,0.130675399656,6.58834518529535e-05,0.00769531165965028,0.0694889216103435,0.217921733478606,0.179951451422269
TE06566|TBL_comb48_EPIDRAFT_1000670,0.193775971700385,0.375253408911395,3.16140583744018,4.07911190944251,4.89385421979338,0.130427793922156,0.0651944570338565,0.00311571666596693,2.95202003148171e-05,1.32952833714336e-08,0.0295020691999945,2.28509634325746e-14,4.02568362786321e-06,2.53579616546631e-09,0,0.021332175,0.0015456875,0,0.000276548828125044,0.252002130443013,0.310530834850072,0.241317635971354,2.71258909443377,0.189160154003317,13.8486688233489,1.59936981358392,0.0487574539350214,0.0660916276286873,0.0435328192182767,0.000162586938105924,0.00561167787083198,0.00872859270885367,0.0100927878346161,3.31715085954976e-18,5.79197453887126e-20,0,5.11790618544564e-07,9.78738748350568e-07,4.46956082369607e-08,0.893774013754737,0.036663460935505,0.388179190228074,0.30655013325658,0.288192341957853,0.0503400996390786
TE06658|TBL_comb48_EPIDRAFT_1007696,0.000446712620717973,0.000390242597607573,2.59417019577704,4.16364976552847,5.38477783690564,0.227171584127585,0.239876611461285,1.16771191986315,0.604692891115428,3.06651021772912,2.75999407771903,0.364630732012222,0.410766154429451,0.302536981145131,0.170457118637285,7.34490841209928e-10,0.000134518349264649,3.21204774081707e-11,0.0222272,2.68042687081325e-09,0.00966658443489373,1.88273231911413e-22,0.00294347242694218,7.64800592365605e-08,1.28671200308179,0.771752507592585,0.114346355108416,0.201803076681912,0.777847731015443,1.56846588182249,0.804393267878329,0.179893817286501,0.228828343516136,1.5268479615447e-05,0.00347568748528212,5.9617361602084e-15,0.638931901483912,3.33658860347822,0.99604059563062,2.66569694796492,0.413954521366935,0.110444550073609,0.373165719947796,0.640280043653903,1.20008328433317
TE06796|TBL_comb48_EPIDRAFT_1001269,0.322745823309159,0.0145162338895595,0.0045165083990055,4.91697890225431e-05,0.115677887327532,0.0914093872657372,0.113786831550488,0.0103694172065397,0.329089904552116,0.548060328875606,1.07872373264218,0.0226384226577133,1.90492587263002,1.60668272825141,1.49008877536986,0.469353308626117,0.244362096906094,3.69782410879741e-07,0.34774362523455,0.132083574507511,0.278767597719014,0.0387296875130516,2.43350680089472,2.95681097749306e-05,0.187834666861034,0.000247321020551556,0.188730999465765,0.630913890335683,2.97873821687738,0.491381824095307,1.27397111465336,0.230384319359438,1.62575325473769,0.0547809815999806,0.132350306269743,0.0304625466763999,0.336697481598527,0.168254988635138,0.0383697891499272,0.0908824034441467,0.440032711801157,1.00509773673586,2.37915517903792,4.07692439747488,1.46745368213404
TE07012|TBL_comb48_EPIDRAFT_1001873,0.109091929034947,4.26338970303732e-08,4.52473708344686e-11,3.7214202244398e-13,0.0193459967613563,0.029331783880678,0.0159513130963546,0.0353774090027303,0.0994432136266731,0.0380805351356179,0.0947676061539634,2.38283851106619e-27,0.0627795706621067,0.0453694081115504,0.0420538206131857,0.365443566165081,0.0561988174853232,3.41716683025942e-12,0.130632176568543,0.390975690025739,0.285876067908017,0.0740519332080447,0.739864887840463,0.105336159888784,8.45242678999372,0.871684366954588,0.245029089582928,0.293600887164851,1.96918950703989,1.72784822946577,0.258379933515826,0.272756416178396,0.765910923239236,0.755869673504556,0.675632255283532,0.0457449930305838,0.146791888521268,0.0280346525252714,0.0816719755198473,0.237670052131363,0.0341866604591013,0.124929682847619,0.0262542056899945,0.646475222666436,0.220594295911077
TE07077|TBL_comb48_EPIDRAFT_1000807,0.180708644451312,0.0192150411510996,0.0015827835981716,4.56339685264191e-07,0.273520364758106,0.00534100558853188,0.0136341184902657,0.0555178330452808,0.301296799225031,0.326658461298921,0.873279715203097,5.37529847457167e-05,1.74634407637751,2.8666563835309,1.8419095461613,0.642585478252958,0.14654946599098,1.24583046796144e-13,0.347648445444496,0.293865833398971,0.152500374339072,0.0891695085122733,2.77027250188958,1.13677319299399e-05,0.337299617428517,0.0173020627663233,0.139941733434657,1.06121226997867,2.8734336580024,0.889239673577125,1.53450268978362,0.191241158049816,2.02076004431213,0.262357324740666,0.000899064970368463,0.00434765173699635,0.402050874136355,0.199914292058428,1.88376906277581e-06,0.0239615444295518,0.488536582927336,1.27630745389891,1.87401392822545,3.6438841761213,1.6981873850156
TE07248|TBL_comb48_EPIDRAFT_1004371,0.470854983577068,0.0171393430257059,0.160301006107298,6.4609137608187e-09,0.12550477763236,0.137629241502594,0.010960276035373,0.00926781337431274,0.426137179175116,0.599769541549627,0.899076339265328,0.0163465237809791,1.73954206848608,1.90903472591869,1.55764343753332,0.477950173074574,0.170988960782992,0.026189175817551,0.239099538081343,0.186912330012619,0.165014548611709,0.0169053070685662,3.59351339986595,0.000727978580603031,0.253925902711856,0.000300536171299976,0.107432928494729,1.09797045526652,2.13213541260329,0.717476596718849,1.15355766971284,0.26188532056711,2.02195437295378,0.204984072396246,0.13506267695041,0.0134386160645545,0.388107656297867,0.206641788431949,4.67115538722031e-06,0.0767785357815789,0.429101162415447,1.45528824193544,1.83930490448193,4.06159008629507,1.44548084382086
TE07470|TBL_comb48_EPIDRAFT_1000003,0.00776793,0.00521241,0.0444155,0.0198179,0.0735304,0.0346274,0.017176,0.0327668,0.0107432,0.00809196,0.0057696,0.00210759,0.0169423,0.0113063,0.0209846,0.0196523,0.0439426,0,0.277456,1.01063,0.984537,0.0920054,2.33588,0.133792,25.5078,3.13104,1.90871,1.02968,1.50912,0.708752,1.00237,1.18399,1.24483,1.37791,0.361368,0.0770672,0.0544884,0.788055,0.0207846,2.57745,0.10356,0.639062,0.394043,1.80107,0.498856
TE08031|TBL_comb48_EPIDRAFT_1000080,3.48614391202821e-60,1.66544322485005e-47,2.08447303862158e-16,3.83907757175674e-25,1.51124024391409e-07,0.040271378534185,0.122171877061705,0.614730301491192,0.460683619567702,0.298833348775734,2.73132992084148e-08,0,0.0270305966798611,0.0281395858300066,8.19564819336027e-07,1.11482768400405e-13,1.16100434875004e-11,8.12953114619348e-26,2.90841795504093e-11,2.6614723879631e-22,0.00212019814453146,1.42987524043292e-15,1.96577895203248e-05,0.00302619903032265,11.1263471523129,0.590650902208348,0.280443339829852,1.54279879538996,1.72628126202957,0.742854871600069,0.0160039876920648,0.470800523130833,13.2165131627984,9.81216675297351e-07,0.00197267986370333,7.87594268181708e-53,1.22417113743722e-12,5.32412109375e-05,0.0298181609714695,1.80524040323649e-17,1.12216774290206e-12,0.000933046875,6.42298756411163e-08,0.0145938943464467,0.406537167823
TE08052|TBL_comb48_EPIDRAFT_1000262,0.105276381360226,0.121587043509605,2.76634956910152,2.05565495839778,2.93071887798704,0.374676264939711,0.0172410255646468,0.736218212966097,0.239329718274213,0.293105051333268,0.0461702846834307,2.35948711633797e-10,1.44502398339678e-05,0.00505329123649597,2.72814929918369e-10,2.67098177382542e-39,2.55196244718453e-09,2.70661359991209e-16,3.04680538132525e-06,9.95273880825288e-09,7.2729219146733e-09,3.88700790310993e-20,0.13865364129609,0.0396028145469523,2.08012774899793,1.42805235194139,0.0938064282484928,0.141723633399319,0.676125382815452,4.32837938863452,3.8399948054803,1.73904195278779,2.86153379025257,0.0274611482473661,0.111226275376868,0.0227961551205215,0.261774108743672,1.66734516799721,0.0714425560269356,0.792014914271963,0.00464276290585963,0.177684341017294,0.297989816942472,1.12922389839122,2.60200273479376
TE08969|TBL_comb48_EPIDRAFT_1002007,3.38230000345793e-06,5.85175784077641e-05,0.000496912354093202,0.00370258190997051,3.28747802084429,0.117356094807114,0.0310761733959456,5.85684363225973,0.497641876986558,0.175428367612552,0.00635504231881833,3.11833754658699e-05,0.00733443671083744,2.02014100975066e-07,0.0933990629348755,0.000526626423451304,3.56459324058e-05,0,0,0.790277018192939,0.554282380745183,0.081039506095188,0.46534577437962,0.0512208403276852,15.7584668171365,1.78391647643751,0.366069341968799,0.187981775220609,0.34982194069133,0.744007579763204,0.171202523567831,0.0926999525186137,0.174231806349764,0.000498302953370438,3.20885010296479e-13,0,0.202675792857294,0.219599599379929,0.0432347411544271,4.08389947701973,0.165901704332589,0.142749160762986,0.260237265127526,0.632191824606132,1.37060381873948
TE09080|TBL_comb48_EPIDRAFT_1000038,4.21236328125e-06,0.00018197478515625,0.000376697685546875,0.0005284970703125,0.00092015529296875,0.029927793359375,0.0315882354492188,0.0538650860351562,0.00408086708984375,0.01340113296875,0.08405918671875,0.00989263095703125,0.0522584055664062,0.0285632963378906,0.0077416580078125,0.000726712890625,0.00411483463867188,6.74974609375e-06,0.0001591609375,0.08899024765625,0.000845876884765625,5.03986328125e-06,0.454321149414063,0.0314751780273438,8.89161278320313,2.32267743164062,1.10689797851562,0.494996219726562,0.602702578125,0.259099190429687,10.995257578125,9.76522016601562,0.0269886208984375,0.146731131054687,0.0929473291015625,0.0284741749023437,0.0163455762695313,0.0565843100585937,0.294647112304687,0.310345678710937,0.00243820970703125,0.098919337109375,0.0512030706054687,0.159519400390625,0.117346859765625
TE09670|TBL_comb48_EPIDRAFT_1000116,0.00037456875,7.92786666870117e-05,0.00383478537597656,0.00851395329406738,0.0119077491525269,0.0095913640625,8.95823974609375e-07,0.00012327590423584,0.0171871203897095,1.46658935546875e-07,0.0002696109375,0.000148459958496094,1.15897216796875e-06,0.00165800029785156,0.000219398032226562,0.000232879296875,0.145467930838013,0.0013570125,1.3919677734375e-07,2.68976440429687e-07,0.00592789843566895,3.08064453125e-05,0.0244273192288208,1.30077514648437e-07,0.0143832681454468,0.00931398186950684,0.206449855316162,3.17889912872314,10.4833411682129,2.79981682067871,1.80141601318359,0.691537920166016,11.6802208343506,0.383547713287353,0.200768613238525,0.00602671695617676,0.132321437060547,0.0709751683654785,1.79191778839111,0.036231973034668,0.115555069030762,0.244581388061523,0.316267240692139,0.55267053048706,0.222049100219727
TE09724|TBL_comb48_EPIDRAFT_1004126,0,0,0,0,0.0274609887955978,0.362523613311052,0.0866584197649822,0.374806643837727,0.11306483118993,0.0539127252545129,0.0769342751051477,0,2.65964494574655e-09,1.57147628243592e-18,0,0,2.95108382175613e-18,0,0,2.70392347854369e-09,0.00477108590774618,0.000372362407654524,0.685783196800962,0.247776662796726,15.5678243750335,3.11345170265086,0.417943664151912,0.140040601983771,0.169054405507195,0.0576713741844672,0.0149314501718325,8.64873358333715e-09,0.0463915865919022,0.000191358237378373,1.00501722499757e-15,0,0,0,2.61554960161448e-11,1.28586338962276,1.38365546604227e-06,0.255583900806169,2.16656837147079,0.484848486399832,1.24868635800405
TE09727|TBL_comb48_EPIDRAFT_1000087,1.04159425973205e-14,1.74157335891132e-09,0.000341333658611994,7.01636076009019e-09,9.84589614908861e-07,4.23024116348348e-32,5.19924441338588e-05,0.000500560138539856,0.0132384206037415,0.0370261343994913,0.067677859922198,0.022875100590659,0.0813844176664459,3.02765395349945e-06,0.0113595721952182,0.0462312500004495,1.48057474438874e-06,0,1.19032619632781e-06,1.60082718164193e-07,5.33446098532617e-06,8.28310753320302e-18,1.34875491245362e-07,7.46981441095507e-10,0.192208638260982,0.0269998293039704,0.00443691994637451,0.269371051039123,1.0658180541619,0.83860540821779,1.45950653832732,4.66422503836209,9.73321704922849,0.013334668804822,0.052094271162459,2.16093098970307e-15,0.0484000668249397,0.098497880117341,7.96519658567403,0.131909625221804,0.00712390233818666,0.00132726701938242,0.216055656932832,0.705282438114727,1.738395117864
TE10222|TBL_comb48_EPIDRAFT_1000102,3.36830908054253e-14,1.4242641555029e-14,2.87620316612447e-11,9.5503337934133e-12,1.71912772657379e-12,3.63762118139807e-07,1.34227242045677e-08,2.40088138525607e-12,3.06410311168293e-14,4.66307983515435e-13,1.26939085021149e-14,1.2417422112776e-14,1.12631823867559e-14,0,1.87739715329371e-14,3.04141748340044e-09,7.56129913499944e-08,0,1.70230123330839e-14,0,1.0769269465527e-12,0,0.0100886750726358,0.00171526704296245,19.8833762202488,2.77367723863113,0.301166574000618,0.435901643166339,0.356535007652665,0.150717589234316,0.0764480798626812,0.0388077554665749,0.00545566367867113,0.0735167781932256,0.144326557061654,6.35977357887896e-14,0.281531691116886,0.0433331381176451,2.36055789224187e-07,4.30753821018958,0.482158718674447,0.10598250098656,0.00477587243913189,0.00214255758758045,0.0153833108481582
TE00424|TBL_comb48_EPIDRAFT_1006648,4.05203588021167,2.6142061928869,6.03964743730314,7.55473075778924,7.17631930418186,0.968088444823205,1.27482528716567,4.72505408891812,4.49421160614595,4.66314231002145,3.34691953058951,0.941402793068781,2.05112168615952,7.40380130050085,27.7495838324964,2.5618054024618,1.42543237626007,0.138580687416428,4.55495954246707,8.5048380490689,8.73200617775559,0.840771559755161,8.82569651040524,0.352520809847468,18.4517981947936,3.45942703052215,2.34237283754666,9.08661178612419,13.8665566396002,7.43492309047915,7.22424417783983,3.80501587541759,29.1359203213871,15.2753836747192,13.1332387381178,0.321354220219697,9.28049341993347,4.9764257567931,4.34259041679174,5.46335401987575,3.97979721162543,1.80520955281059,3.47667421086945,8.48778069794506,6.45497610315308
TE00938|TBL_comb48_EPIDRAFT_1001272,2.64351453125,2.4026609375,6.9835478125,8.12741375,8.3632509375,0.95596425,0.735111953125,6.26090296875,3.78683796875,1.85013796875,1.29471490625,1.25018321875,0.981966078125,2.0320603125,4.8042609375,0.374625078125,0.13147401875,0.031524975,1.11889903125,3.495329375,2.68817625,0.29839125,1.760210625,0.085034609375,8.23710625,2.55305046875,2.261486875,4.00793109375,5.67528953125,2.2513665625,1.73782453125,0.98621484375,9.365064375,1.06137459375,1.5712525,0.0766488015625,2.17836703125,3.05196,9.05791359375,2.8095475,0.794695859375,0.1254618921875,0.832214109375,1.62820359375,2.45179515625
TE02668|TBL_comb48_EPIDRAFT_1000393,0.00161133120667813,0.0516699033382714,5.02480754912087,1.96410450860358,1.03335996162588,3.27129451293763,1.66449767815362,0.348707557615765,1.01301989142295,0.670082341392866,0.255817108056885,2.69216238400831e-28,0.159729885389137,0.0216720389154892,0.0276786859531268,1.92548662151206e-09,0.0442455953716497,7.07638267998609e-10,0.142362200066823,1.64437587904652,2.58133336026953,0.303678064747121,0.436954895644415,0.0583345364982464,8.32168996740472,4.55657562907372,2.39754592767214,2.23005804671738,2.64398750951155,0.456172547237163,0.526182719916561,0.185427653739391,0.326084153924801,3.37315067276229,9.14429382528975,0.339652854042259,0.200382417561343,0.201450304870055,0.134738960881028,2.43736239608736,0.366980446221013,0.149448356573827,0.274682404811159,0.129906429771493,0.72997891496549
TE02754|TBL_comb48_EPIDRAFT_1024181,0.589263,0.513548,2.01205,1.24108,1.10434,0.0635466,0.0902867,0.651858,1.98544,2.27998,2.57743,0.323417,4.75247,5.15075,5.08402,0,0.0874623,0,0.150533,2.77783,1.48086,0.158416,3.00085,0.104856,4.27937,0.294471,0.410859,1.83854,3.6991,1.63883,1.87183,1.0936,3.26366,4.58051,1.19991,0,1.78544,0.866037,0.765363,0.254397,0.997859,2.17557,2.37666,3.1404,3.55546
TE03795|TBL_comb48_EPIDRAFT_1009343,0.028330339333868,0.196101516907167,12.7561171848249,6.17262995388985,0.850167309391975,0.0271755051206112,0.127040861244488,0.959924501030922,0.529891089427471,3.5699457771349,0.811281055772781,0.441626653615952,0.311666783526516,0.297724657719231,0.522758946622848,0.0685287984623432,0.107162778812695,0.423041507669067,0.552195546134377,1.29056463539982,0.725554994238377,0.031593307786274,0.972322435389042,0.101161266104202,2.71002229978561,1.07058135460472,0.237210389200974,0.295492674604893,0.621008740911961,0.349385199227619,0.283895093975735,0.396792416683197,2.8866407609129,4.87447692298412,4.36680800447464,0.0390584124240398,0.160854133787727,0.486224609540462,1.20540417187881,0.834402363465786,0.0365944699195862,0.0119604490187645,0.253464035801411,0.649699497771263,1.14756723013115
TE03795|TBL_comb48_EPIDRAFT_1016328,0.01471495,0.068786525,4.1587225,1.51190375,0.24082925,0,0.0496105,0.876657,0.643697,3.31993,0.5295625,0.438605,0.152757,0.18066025,0.2758405,0.017523725,0.119049575,0.14685375,0.29277525,0.88935125,0.5732035,0.161661,1.0695365,0.118722775,2.9761925,0.9757745,0.346843,0.770125,0.593558,0.270704,0.09996125,0.3397815,3.0855925,4.674135,4.7511725,0.080986,0.285613475,0.36680875,1.0683075,0.86819775,0.06530565,0.053743075,0.2358196,0.55467875,1.1248745
TE04208|TBL_comb48_EPIDRAFT_1015256,0,0.0458422,0,0,0,0,0,0.124546325,0.2391945,0.679989,1.2225705,0.8365055,1.1373995,2.0913625,1.05018625,0,0.0510465,0,0.174825875,0.45256525,0.44385125,0.04201925,1.03658825,0.08544545,6.7338575,1.3950005,0.31478375,0.4851605,0.31175925,0.4309015,1.0109355,0.37683475,4.5649175,5.70117,9.4430175,0.61300475,4.0746225,2.01957525,2.27175,4.9538525,0.752179,0.5191205,0.97086725,1.48157625,2.67202
TE04605|TBL_comb48_EPIDRAFT_1005351,0.00544555901023745,0.0417048906163394,2.43626171763468,4.55030138190329,2.01405264173412,0.106639083471209,0.0183718672943115,0.104515899984258,0.125707284808069,0.126936683174697,2.1505231156072,0.643628942267477,0.756077880468071,0.0471239900979966,0.10265384668124,0,0.0087398375,1.23268663883209e-09,0.266705862643003,4.7275453012234,7.50305098012418,0.204775922883481,1.35869565510225,0.10387129257634,6.4890672099182,0.906919868475228,0.0265944855047077,0.150250340032672,0.923802534834594,0.30322210139938,0.335429026669592,0.10841018982186,0.00223500823402405,0.125972143174225,0.222664361676306,0.0204195136269271,0.0258270907387555,0.0658460519025743,0.419543233860374,0.406759503541291,0.0358132350614101,0.00159379367203712,0.0709362151243687,1.18275749015746,0.920265132446468
TE04806|TBL_comb48_EPIDRAFT_1002739,1.67080296875,0.8584921875,1.98945953125,2.058445625,1.97908375,0.49507496875,0.360836046875,0.831899234375,0.623133015625,2.01962796875,0.2452650625,0.09307248125,0.1472664375,0.74684,1.04897553125,0.0502520875,0.067581840625,0,0.472928234375,0.8944865625,1.3795664375,0.367100625,0.980268515625,0.1206193828125,5.03454984375,0.76585446875,0.17904804375,0.38035990625,0.510322640625,0.37971075,0.4009190625,0.11708808125,1.888115,0.13537394375,0.141266734375,0.00137908125,0.654839640625,2.23765078125,1.4902234375,1.862662375,1.2749723125,0.43458790625,0.51359365625,0.36197371875,0.78296559375
TE04807|TBL_comb48_EPIDRAFT_1021925,1.02657,0.0583366,0.723077,1.4809,2.04959,0.429359,0.605335,1.05366,0.857087,1.5953,0,0.0888889,0.540307,1.11661,1.37781,0.169737,0.795105,0.0327997,0.732499,0.634896,0.762712,0.28284,0.418787,0,4.93615,1.04558,0.151313,0.745976,0.375542,0.0159471,0.225069,0.380559,3.03745,1.19756,1.67825,0.179771,0.636435,0.741834,1.11776,3.07943,0.59364,0.475519,0.725521,0.22196,0.084413
TE04807|TBL_comb48_EPIDRAFT_1022328,0.64867,0.684822,0.791182,1.26411,2.91723,0.452619,0.178557,0.758456,1.02393,1.76501,0.0691973,0,0.0503396,0.97846,1.31087,0.174831,0.618131,0,0.368296,0.746298,0.893072,0.149098,0.584493,0,3.94906,1.42156,0.0764636,0.153171,0.603607,0.319241,0.397677,0.27389,2.56988,1.9952,1.45929,0,1.1061,2.29988,1.12125,3.01159,1.75828,0.266614,0.447463,0.499,0.790586
TE04807|TBL_comb48_EPIDRAFT_1023527,0.432556,0.103782,0.688814,1.69228,2.21225,0.172399,0.64214,1.08765,1.44603,1.35405,0.522388,0.409468,0.335289,0.658577,1.67635,0.0902256,0.820286,0,0.128333,0.99916,0.554622,0.116064,0.353211,0.0780856,2.4591,0.756281,0,0.389958,1.07864,0.282519,0.537815,0.220218,2.38193,2.3318,2.27189,0,0.860669,0.942534,1.20823,3.50419,0.843933,0.245409,1.53856,0.720218,0.568201
TE04807|TBL_comb48_EPIDRAFT_1023593,0.215031,0.180784,1.09743,1.792,2.1443,0.925957,0.425996,0.862704,0.545111,1.35592,0.106445,0.107872,0.0811265,0.861099,1.07978,0.115207,0.373153,0.0867751,0.250731,0.623158,1.00253,0.161113,0.843998,0,3.58393,0.775724,0.124005,0.982795,0.770983,0.477358,1.0434,0.337821,2.1614,1.18132,1.86577,0.0933671,0.367604,0.697939,2.32337,2.94031,0.722619,0.557555,0.430433,0,0.730172
TE04807|TBL_comb48_EPIDRAFT_1023811,0.134203,0.428875,0.824054,1.59907,1.47054,0.881306,0.424166,0.777731,0.585201,0.516224,0.112694,0,0.21008,0.378858,1.60442,0.221612,0.726499,0,0.732211,0.536699,0.445435,0.114747,0.580278,0,2.63855,0.60474,0.177712,0.468499,0.591585,0.284638,0.21104,0.404833,2.12102,1.17592,2.28116,0.153682,0.926004,1.09538,1.44803,3.04532,0.527696,0.459722,0.601017,0.18652,0.562791
TE05136|TBL_comb48_EPIDRAFT_1011205,3.43514,0.02494245,0.1074022,0,1.101015,0.739175,0.328427,0.233623,1.38394,1.369805,0.5402685,0.0228141,1.5649045,2.026465,12.8097,4.00022,1.356375,0,5.442805,9.68732,7.353805,0.7024305,2.740395,0.0234004,1.851585,0.2953795,0.09129935,1.1097625,2.992995,1.038453,0.46722,1.2256245,4.939005,0.6090175,0.0977567,0,0.03440365,0.191697,0.02057425,0.0723965,0.230247,0.3389365,0.213372,0.58088,0.9151255
TE05144|TBL_comb48_EPIDRAFT_1026390,0.347465,2.86639,5.83924,3.94977,2.42286,0.269052,0.118056,0.154344,0.394347,1.90951,0.30367,0.210478,0.192665,0.283133,0.956623,0.0272895,0,0,0.183118,0.12186,0.733706,0,0.578947,0,0.322089,0.402597,0,0.114458,0.345294,0,1.3608,1.52835,7.68529,1.63522,3.28685,0.193277,0.0597776,0,7.24744,0.306407,0.0987025,0.0573013,0.243268,1.4145,2.50185
TE05716|TBL_comb48_EPIDRAFT_1003783,0.13189808379837,0.0423027944905078,6.56425982764297,2.08003479713945,0.85544995337796,0.258584441058365,0.0951856222503085,0.0317461105281233,1.35067848051259,0.389286127788486,2.36614568775403,0.0237487281251559,0.0802614355066431,0.295648241631682,1.18945557121816,0.00538074396097232,5.48348861800857e-10,0.326877339174488,0.0354570540417865,1.41753490978568,0.920573344012456,0.0896034185111347,0.33495164158015,0.134495522788125,10.0209449000446,1.95450651600378,0.28543976423002,0.467757220989511,0.567910815950691,0.10738598851938,1.03032818123083,2.44688081640139,8.85072917117648,0.33548925202681,0.138232436588553,2.81287548808962e-17,0.00476471794536856,0.0119669250016828,0.0298625489181236,0.679570701407478,0.0742388164052203,0.111280765928752,0.0218892775836526,0.588211998108096,0.216930331441823
TE05716|TBL_comb48_EPIDRAFT_1022009,0.105057,0,5.91967,2.06282,1.00276,0.133439,0,0.0475442,0.968098,0.729093,0.78524,0,0,0.0535644,0.765941,0,0.108911,0,0.107493,0.738838,0.462633,0,0.102081,0.202687,3.56739,1.70477,0.10696,0.602599,0,0.290285,1.15105,1.4694,8.89007,0.296486,0,0,0,0,0,0.62643,0.0701063,0.0872299,0,0.929333,0
TE09727|TBL_comb48_EPIDRAFT_1016354,0,0,0,0,0,0,0,0,0,0,0.070884,0.03409815,0.0786725,0,0,0,0,0,0,0,0.0377155,0,0.03383345,0,0.2994265,0.2334,0.0456775,0.3073345,1.0694645,1.0378665,1.279085,4.847095,10.90005,0.0678447,0.04668385,0.0394818,0.03268875,0,2.25763,0.0583895,0.02992635,0.02959055,0.0688385,0.455979,1.001138
