3300002269,Mendota
3300002270,Mendota
3300002271,Mendota
3300002272,Mendota
3300002273,Mendota
3300002274,Mendota
3300002275,Mendota
3300002276,Mendota
3300002277,Mendota
3300002278,Mendota
3300002279,Mendota
3300002294,Mendota
3300002295,Mendota
3300002296,Mendota
3300002297,Mendota
3300002298,Mendota
3300002299,Mendota
3300002300,Mendota
3300002302,Mendota
3300002303,Mendota
3300002304,Mendota
3300002305,Mendota
3300002306,Mendota
3300002348,Mendota
3300002349,Mendota
3300002350,Mendota
3300002351,Mendota
3300002353,Mendota
3300002354,Mendota
3300002355,Mendota
3300002356,Mendota
3300002357,Mendota
3300002358,Mendota
3300002360,Mendota
3300002361,Mendota
3300002362,Mendota
3300002363,Mendota
3300002364,Mendota
3300002365,Mendota
3300002366,Mendota
3300002367,Mendota
3300002368,Mendota
3300002369,Mendota
3300002370,Mendota
3300002371,Mendota
3300002372,Mendota
3300002373,Mendota
3300002374,Mendota
3300002375,Mendota
3300002379,Mendota
3300002380,Mendota
3300002381,Mendota
3300002382,Mendota
3300002383,Mendota
3300002384,Mendota
3300002385,Mendota
3300002386,Mendota
3300002387,Mendota
3300002388,Mendota
3300002389,Mendota
3300002390,Mendota
3300002393,Mendota
3300002394,Mendota
3300002395,Mendota
3300002396,Mendota
3300002397,Mendota
3300002398,Mendota
3300002399,Mendota
3300002400,Mendota
3300002401,Mendota
3300002402,Mendota
3300002403,Mendota
3300002404,Mendota
3300006044,Mendota
3300000176,TBE
3300000203,TBE
3300000220,TBE
3300000520,TBE
3300000521,TBE
3300000585,TBE
3300000587,TBE
3300000588,TBE
3300000590,TBE
3300000593,TBE
3300000598,TBE
3300000600,TBE
3300000601,TBE
3300000603,TBE
3300000609,TBE
3300000612,TBE
3300000615,TBE
3300000616,TBE
3300000618,TBE
3300000619,TBE
3300000623,TBE
3300000627,TBE
3300000628,TBE
3300000630,TBE
3300000631,TBE
3300000634,TBE
3300000637,TBE
3300000638,TBE
3300000639,TBE
3300000642,TBE
3300000645,TBE
3300000646,TBE
3300000647,TBE
3300000648,TBE
3300000649,TBE
3300000735,TBE
3300000737,TBE
3300000740,TBE
3300000742,TBE
3300000743,TBE
3300000748,TBE
3300000752,TBE
3300000758,TBE
3300000761,TBE
3300000764,TBE
3300000765,TBE
3300000768,TBE
3300000769,TBE
3300000773,TBE
3300000781,TBE
3300000785,TBE
3300000788,TBE
3300000819,TBE
3300000820,TBE
3300000821,TBE
3300000834,TBE
3300000835,TBE
3300000162,TBH
3300000177,TBH
3300000582,TBH
3300000583,TBH
3300000599,TBH
3300000602,TBH
3300000607,TBH
3300000608,TBH
3300000610,TBH
3300000611,TBH
3300000613,TBH
3300000614,TBH
3300000617,TBH
3300000620,TBH
3300000621,TBH
3300000624,TBH
3300000625,TBH
3300000626,TBH
3300000629,TBH
3300000632,TBH
3300000635,TBH
3300000636,TBH
3300000640,TBH
3300000641,TBH
3300000643,TBH
3300000644,TBH
3300000738,TBH
3300000739,TBH
3300000741,TBH
3300000744,TBH
3300000745,TBH
3300000746,TBH
3300000747,TBH
3300000749,TBH
3300000751,TBH
3300000753,TBH
3300000755,TBH
3300000757,TBH
3300000759,TBH
3300000760,TBH
3300000762,TBH
3300000763,TBH
3300000766,TBH
3300000767,TBH
3300000770,TBH
3300000771,TBH
3300000772,TBH
3300000775,TBH
3300000776,TBH
3300000778,TBH
3300000779,TBH
3300000817,TBH
3300000818,TBH
3300000822,TBH
3300000823,TBH
3300002933,TBH
